[{"description": "Adds support for subscribing and publishing to MQTT topics.", "license": "AGPLv3", "author": "Franziska Kunsmann, Gina H\u00e4u\u00dfge", "title": "MQTT", "id": "mqtt", "published": "2015-04-11 00:00:00 +0000", "compatibility": {"python": ">=2.7,<3", "octoprint": ["1.3.5"], "os": []}, "homepage": "https://github.com/OctoPrint/OctoPrint-MQTT", "archive": "https://github.com/OctoPrint/OctoPrint-MQTT/archive/master.zip", "page": "https://plugins.octoprint.org/plugins/mqtt/"}, {"description": "Get Growl notifications from your OctoPrint installation.", "license": "", "author": "Gina H\u00e4u\u00dfge", "image": "https://plugins.octoprint.org/assets/img/plugins/growl/notification.png", "title": "Growl", "id": "growl", "published": "2015-04-14 00:00:00 +0000", "compatibility": {"python": ">=2.7,<3", "octoprint": [], "os": []}, "homepage": "https://github.com/OctoPrint/OctoPrint-Growl", "archive": "https://github.com/OctoPrint/OctoPrint-Growl/archive/master.zip", "page": "https://plugins.octoprint.org/plugins/growl/"}, {"description": "Plugin for OctoPrint that handles serial commands sent out by the printer.", "license": "AGPLv3", "author": "Pim Rutgers", "title": "Action Trigger Plugin", "id": "actiontrigger", "published": "2015-04-17 00:00:00 +0000", "compatibility": {"python": ">=2.7,<3", "octoprint": [], "os": []}, "homepage": "https://github.com/Booli/OctoPrint-ActionTriggerPlugin", "archive": "https://github.com/Booli/OctoPrint-ActionTriggerPlugin/archive/master.zip", "page": "https://plugins.octoprint.org/plugins/actiontrigger/"}, {"description": "Display temperatures on navbar", "license": "AGPLv3", "author": "Jarek Szczepanski", "image": "https://github.com/imrahil/OctoPrint-NavbarTemp/raw/master/navbar.png?raw=true", "title": "Navbar Temp", "id": "navbartemp", "published": "2015-04-17 00:00:00 +0000", "compatibility": {"python": ">=2.7,<3", "octoprint": [], "os": []}, "homepage": "https://github.com/imrahil/OctoPrint-NavbarTemp", "archive": "https://github.com/imrahil/OctoPrint-NavbarTemp/archive/master.zip", "page": "https://plugins.octoprint.org/plugins/navbartemp/"}, {"description": "Use OctoPrint with s3g/x3g printers (like FlashForge and older MakerBot)", "license": "AGPLv3", "author": "Mark Walker", "image": "https://markwal.github.io/octoprint-download/gpx.png", "title": "GPX", "id": "gpx", "published": "2015-04-23 00:00:00 +0000", "compatibility": {"python": ">=2.7,<3", "octoprint": [], "os": ["linux"]}, "homepage": "https://github.com/markwal/OctoPrint-GPX", "archive": "https://markwal.github.io/octoprint-download/OctoPrint-GPX.tar.gz", "page": "https://plugins.octoprint.org/plugins/gpx/"}, {"description": "Makes custom controls editable via the settings dialog", "license": "AGPLv3", "author": "Marc Hannappel (Salandora)", "image": "https://plugins.octoprint.org/assets/img/plugins/customControl/img4.png", "title": "Custom Control Editor", "id": "customControl", "published": "2015-04-26 00:00:00 +0000", "compatibility": {"python": ">=2.7,<3", "octoprint": [], "os": []}, "homepage": "https://github.com/Salandora/octoprint-customControl", "archive": "https://github.com/Salandora/octoprint-customControl/archive/master.zip", "page": "https://plugins.octoprint.org/plugins/customControl/"}, {"description": "Display OctoPrint status on a PiGlow board.", "license": "CC BY-NC-SA 4.0", "author": "Dan Malec", "image": "https://plugins.octoprint.org/assets/img/plugins/octoglow/progress.png", "title": "OctoGlow", "id": "octoglow", "published": "2015-05-12 00:00:00 +0000", "compatibility": {"python": ">=2.7,<3", "octoprint": [], "os": []}, "homepage": "https://github.com/dmalec/OctoPrint-OctoGlow", "archive": "https://github.com/dmalec/OctoPrint-OctoGlow/archive/master.zip", "page": "https://plugins.octoprint.org/plugins/octoglow/"}, {"description": "Emulate webcam streaming by showing a sequence of snapshots", "license": "AGPLv3", "author": "Mark Walker", "title": "SnapStream", "id": "snapstream", "published": "2015-05-22 00:00:00 +0000", "compatibility": {"python": ">=2.7,<3", "octoprint": [], "os": []}, "homepage": "https://github.com/markwal/OctoPrint-SnapStream", "archive": "https://github.com/markwal/OctoPrint-SnapStream/archive/master.zip", "page": "https://plugins.octoprint.org/plugins/snapstream/"}, {"description": "This plugin makes System Commands editable through the OctoPrint WebUI", "license": "AGPLv3", "author": "Marc Hannappel (Salandora)", "image": "https://plugins.octoprint.org/assets/img/plugins/systemCommandEditor/img1.png", "title": "System Command Editor", "id": "systemcommandeditor", "published": "2015-06-03 00:00:00 +0000", "compatibility": {"python": ">=2.7,<3", "octoprint": [], "os": []}, "homepage": "https://github.com/Salandora/OctoPrint-SystemCommandEditor", "archive": "https://github.com/Salandora/OctoPrint-SystemCommandEditor/archive/master.zip", "page": "https://plugins.octoprint.org/plugins/systemcommandeditor/"}, {"description": "This plugin is for putting Salandora's editor plugins onto one page", "license": "AGPLv3", "author": "Marc Hannappel (Salandora)", "image": "https://plugins.octoprint.org/assets/img/plugins/editorCollection/img1.png", "title": "Editor Collection", "id": "editorcollection", "published": "2015-06-04 00:00:00 +0000", "compatibility": {"python": ">=2.7,<3", "octoprint": [], "os": []}, "homepage": "https://github.com/Salandora/OctoPrint-EditorCollection", "archive": "https://github.com/Salandora/OctoPrint-EditorCollection/archive/master.zip", "page": "https://plugins.octoprint.org/plugins/editorcollection/"}, {"description": "Scalable UI that does some old fashioned (v2) bootstrap responsive and some collapse etc.", "license": "AGPLv3", "author": "Mark Walker", "image": "https://plugins.octoprint.org/assets/img/plugins/screensquish/squishsample.png", "title": "ScreenSquish", "id": "screensquish", "published": "2015-06-17 00:00:00 +0000", "compatibility": {"python": ">=2.7,<3", "octoprint": [], "os": []}, "homepage": "https://github.com/markwal/OctoPrint-ScreenSquish", "archive": "https://github.com/markwal/OctoPrint-ScreenSquish/archive/master.zip", "page": "https://plugins.octoprint.org/plugins/screensquish/"}, {"description": "Simple stl viewer tab from uploaded files.", "license": "AGPLv3", "author": "jneilliii", "image": "https://plugins.octoprint.org/assets/img/plugins/stlviewer/screenshot.jpg", "title": "STL Viewer", "id": "stlviewer", "published": "2015-06-20 00:00:00 +0000", "compatibility": {"python": ">=2.7,<3", "octoprint": [], "os": []}, "homepage": "https://github.com/jneilliii/Octoprint-STLViewer", "archive": "https://github.com/jneilliii/Octoprint-STLViewer/archive/master.zip", "page": "https://plugins.octoprint.org/plugins/stlviewer/"}, {"description": "Splits multiple commands on one line in GCODE files into multiple lines", "license": "AGPLv3", "author": "Gina H\u00e4u\u00dfge", "title": "CommandSplitter", "id": "commandsplitter", "published": "2015-06-21 00:00:00 +0000", "compatibility": {"python": ">=2.7,<3", "octoprint": [], "os": []}, "homepage": "https://github.com/OctoPrint/OctoPrint-CommandSplitter", "archive": "https://github.com/OctoPrint/OctoPrint-CommandSplitter/archive/master.zip", "page": "https://plugins.octoprint.org/plugins/commandsplitter/"}, {"description": "Shows a little spinner in the web frontend when background requests are active", "license": "AGPLv3", "author": "Gina H\u00e4u\u00dfge", "image": "https://plugins.octoprint.org/assets/img/plugins/requestspinner/requestspinner.png", "title": "RequestSpinner", "id": "requestspinner", "published": "2015-06-21 00:00:00 +0000", "compatibility": {"python": ">=2.7,<3", "octoprint": [], "os": []}, "homepage": "https://github.com/OctoPrint/OctoPrint-RequestSpinner", "archive": "https://github.com/OctoPrint/OctoPrint-RequestSpinner/archive/master.zip", "page": "https://plugins.octoprint.org/plugins/requestspinner/"}, {"description": "Automatically selects freshly uploaded files for printing if no print job is currently active.", "license": "AGPLv3", "author": "Jubaleth, Gina H\u00e4u\u00dfge", "title": "Autoselect", "id": "autoselect", "published": "2015-06-27 00:00:00 +0000", "compatibility": {"python": ">=2.7,<3", "octoprint": [], "os": []}, "homepage": "https://github.com/OctoPrint/OctoPrint-Autoselect", "archive": "https://github.com/OctoPrint/OctoPrint-Autoselect/archive/master.zip", "page": "https://plugins.octoprint.org/plugins/autoselect/"}, {"description": "Display M117 (Display Message) in the SideBar", "license": "AGPLv3", "author": "Philippe Vanhaesendonck", "title": "StatusLine", "id": "status_line", "published": "2015-07-04 00:00:00 +0000", "compatibility": {"python": ">=2.7,<3", "octoprint": [], "os": []}, "homepage": "https://github.com/AmedeeBulle/StatusLine", "archive": "https://github.com/AmedeeBulle/StatusLine/archive/master.zip", "page": "https://plugins.octoprint.org/plugins/status_line/"}, {"description": "Allows patching up config.yaml through the web interface", "license": "AGPLv3", "author": "Gina H\u00e4u\u00dfge", "image": "http://i.imgur.com/Xs1xGHu.png", "title": "Yamlpatcher", "id": "yamlpatcher", "published": "2015-07-07 00:00:00 +0000", "compatibility": {"python": ">=2.7,<3", "octoprint": [], "os": []}, "homepage": "https://github.com/OctoPrint/OctoPrint-Yamlpatcher", "archive": "https://github.com/OctoPrint/OctoPrint-Yamlpatcher/archive/master.zip", "page": "https://plugins.octoprint.org/plugins/yamlpatcher/"}, {"description": "Pushes notifications about finished print jobs via Pushbullet", "license": "AGPLv3", "author": "Gina H\u00e4u\u00dfge", "image": "https://plugins.octoprint.org/assets/img/plugins/octobullet/example_push.png", "title": "Pushbullet", "id": "octobullet", "published": "2015-07-23 00:00:00 +0000", "compatibility": {"python": ">=2.7,<3", "octoprint": ["1.2.4"], "os": []}, "homepage": "https://github.com/OctoPrint/OctoPrint-Pushbullet", "archive": "https://github.com/OctoPrint/OctoPrint-Pushbullet/archive/master.zip", "page": "https://plugins.octoprint.org/plugins/octobullet/"}, {"description": "Makes it possible to change the EEPROM values of Repetier Firmware through OctoPrint", "license": "AGPLv3", "author": "Marc Hannappel (Salandora)", "image": "https://plugins.octoprint.org/assets/img/plugins/eeprom_repetier/img2.png", "title": "EEPROM Repetier Editor", "id": "eeprom_repetier", "published": "2015-07-28 00:00:00 +0000", "compatibility": {"python": ">=2.7,<3", "octoprint": [], "os": []}, "homepage": "https://github.com/Salandora/OctoPrint-EEprom-Repetier", "archive": "https://github.com/Salandora/OctoPrint-EEprom-Repetier/archive/master.zip", "page": "https://plugins.octoprint.org/plugins/eeprom_repetier/"}, {"description": "Displays the print progress on the printer's display", "license": "AGPLv3", "author": "jneilliii, Gina H\u00e4u\u00dfge", "image": "https://plugins.octoprint.org/assets/img/plugins/displayprogress/example.jpg", "title": "DisplayProgress", "id": "displayprogress", "published": "2015-08-03 00:00:00 +0000", "compatibility": {"python": ">=2.7,<3", "octoprint": [], "os": []}, "homepage": "https://github.com/OctoPrint/OctoPrint-DisplayProgress", "archive": "https://github.com/OctoPrint/OctoPrint-DisplayProgress/archive/master.zip", "page": "https://plugins.octoprint.org/plugins/displayprogress/"}, {"description": "Makes it possible to change the EEPROM values of Marlin Firmware through OctoPrint", "license": "AGPLv3", "author": "Anderson Silva", "image": "https://plugins.octoprint.org/assets/img/plugins/eeprom_marlin/img2.png", "title": "EEPROM Marlin Editor", "id": "eeprom_marlin", "published": "2015-08-30 00:00:00 +0000", "compatibility": {"python": ">=2.7,<3", "octoprint": [], "os": []}, "homepage": "https://github.com/amsbr/OctoPrint-EEprom-Marlin", "archive": "https://github.com/amsbr/OctoPrint-EEprom-Marlin/archive/master.zip", "page": "https://plugins.octoprint.org/plugins/eeprom_marlin/"}, {"description": "Statistics of your 3D Printer", "license": "AGPLv3", "author": "Anderson Silva", "image": "https://plugins.octoprint.org/assets/img/plugins/stats/img1.png", "title": "Printer Statistics", "id": "stats", "published": "2015-09-13 00:00:00 +0000", "compatibility": {"python": ">=2.7,<3", "octoprint": [], "os": []}, "homepage": "https://github.com/amsbr/OctoPrint-Stats", "archive": "https://github.com/amsbr/OctoPrint-Stats/archive/master.zip", "page": "https://plugins.octoprint.org/plugins/stats/"}, {"description": "Plugin to enable automatic system shutdown after finishing a print job", "license": "AGPLv3", "author": "Nicanor Romero Venier", "image": "https://plugins.octoprint.org/assets/img/plugins/automaticshutdown/sidebar.png", "title": "AutomaticShutdown", "id": "automaticshutdown", "published": "2015-09-22 00:00:00 +0000", "compatibility": {"python": ">=2.7,<3", "octoprint": ["1.2.5"], "os": []}, "homepage": "https://github.com/OctoPrint/OctoPrint-AutomaticShutdown", "archive": "https://github.com/OctoPrint/OctoPrint-AutomaticShutdown/archive/master.zip", "page": "https://plugins.octoprint.org/plugins/automaticshutdown/"}, {"description": "Brings back the current Z display in the state sidebar panel", "license": "AGPLv3", "author": "Gina H\u00e4u\u00dfge", "image": "https://plugins.octoprint.org/assets/img/plugins/displayz/displayz.png", "title": "DisplayZ", "id": "displayz", "published": "2015-09-22 00:00:00 +0000", "compatibility": {"python": ">=2.7,<3", "octoprint": ["1.2.0"], "os": []}, "homepage": "https://github.com/foosel/OctoPrint-DisplayZ", "archive": "https://github.com/foosel/OctoPrint-DisplayZ/archive/master.zip", "page": "https://plugins.octoprint.org/plugins/displayz/"}, {"description": "Refreshes the port list in the browser when a printer shows up", "license": "AGPLv3", "author": "Mark Walker", "title": "PortLister", "id": "portlister", "published": "2015-10-08 00:00:00 +0000", "compatibility": {"python": ">=2.7,<3", "octoprint": [], "os": ["linux", "freebsd"]}, "homepage": "https://github.com/markwal/OctoPrint-PortLister", "archive": "https://github.com/markwal/OctoPrint-PortLister/archive/master.zip", "page": "https://plugins.octoprint.org/plugins/portlister/"}, {"description": "A touch friendly interface for Mobile and TFT touch modules", "license": "AGPLv3", "author": "Paul de Vries", "image": "https://billyblaze.github.io/OctoPrint-TouchUI/images/touchuisample.png", "title": "TouchUI", "id": "touchui", "published": "2015-10-10 00:00:00 +0000", "compatibility": {"python": ">=2.7,<3", "octoprint": ["1.2.6"], "os": []}, "homepage": "https://billyblaze.github.io/OctoPrint-TouchUI", "archive": "https://github.com/BillyBlaze/OctoPrint-TouchUI/archive/master.zip", "page": "https://plugins.octoprint.org/plugins/touchui/"}, {"description": "Send message to Slack chat when printing events happen", "license": "MIT", "author": "Richard Joyce", "image": "https://plugins.octoprint.org/assets/img/plugins/slack/slack.png", "title": "Slack", "id": "slack", "published": "2015-10-28 00:00:00 +0000", "compatibility": {"python": ">=2.7,<3", "octoprint": [], "os": []}, "homepage": "https://github.com/richjoyce/OctoPrint-Slack", "archive": "https://github.com/richjoyce/OctoPrint-Slack/archive/master.zip", "page": "https://plugins.octoprint.org/plugins/slack/"}, {"description": "Calibrates your printers backlash for the X, Y or Z-axis.", "license": "AGPLv3", "author": "Florens Wasserfall (Platsch)", "image": "https://plugins.octoprint.org/assets/img/plugins/autocalibration/screenshot.png", "title": "Autocalibration", "id": "autocalibration", "published": "2015-11-09 00:00:00 +0000", "compatibility": {"python": ">=2.7,<3", "octoprint": [], "os": []}, "homepage": "https://github.com/platsch/OctoPrint-Autocalibration", "archive": "https://github.com/platsch/OctoPrint-Autocalibration/archive/master.zip", "page": "https://plugins.octoprint.org/plugins/autocalibration/"}, {"description": "Fixes an issue in OctoPrint 1.2.7 that prevents updating", "license": "AGPLv3", "author": "Gina H\u00e4u\u00dfge", "title": "Updatefix 1.2.7", "id": "updatefix127", "published": "2015-12-07 00:00:00 +0000", "compatibility": {"python": ">=2.7,<3", "octoprint": [">=1.2.7,<1.2.8"], "os": []}, "homepage": "https://github.com/OctoPrint/OctoPrint-Updatefix-1.2.7", "archive": "https://github.com/OctoPrint/OctoPrint-Updatefix-1.2.7/archive/master.zip", "page": "https://plugins.octoprint.org/plugins/updatefix127/"}, {"description": "Makes it possible to change the EEPROM values of Printrbot variant of Marlin Firmware through OctoPrint", "license": "AGPLv3", "author": "Ryan Neufeld", "title": "EEPROM Printrbot variant of Marlin Editor", "id": "eeprom_marlin_printrbot", "published": "2015-12-26 00:00:00 +0000", "compatibility": {"python": ">=2.7,<3", "octoprint": [], "os": []}, "homepage": "https://github.com/ryanneufeld/OctoPrint-EEprom-Marlin", "archive": "https://github.com/ryanneufeld/OctoPrint-EEprom-Marlin/archive/master.zip", "page": "https://plugins.octoprint.org/plugins/eeprom_marlin_printrbot/"}, {"description": "Save terminal filters status", "license": "AGPLv3", "author": "ovidiu", "title": "Active Filters", "id": "active_filters", "published": "2016-01-01 00:00:00 +0000", "compatibility": {"python": ">=2.7,<3", "octoprint": ["1.2.6"], "os": []}, "homepage": "https://github.com/MoonshineSG/OctoPrint-ActiveFilters", "archive": "https://github.com/MoonshineSG/OctoPrint-ActiveFilters/archive/master.zip", "page": "https://plugins.octoprint.org/plugins/active_filters/"}, {"description": "Show printers status in window title", "license": "AGPLv3", "author": "ovidiu", "title": "Title Status", "id": "title_status", "published": "2016-01-18 00:00:00 +0000", "compatibility": {"python": ">=2.7,<3", "octoprint": ["1.2.6"], "os": []}, "homepage": "https://github.com/MoonshineSG/OctoPrint-TitleStatus", "archive": "https://github.com/MoonshineSG/OctoPrint-TitleStatus/archive/master.zip", "page": "https://plugins.octoprint.org/plugins/title_status/"}, {"description": "A plugin to send and react on messages before, during and after a print via Telegram Messenger.", "license": "AGPLv3", "author": "Fabian Schlenz", "image": "https://plugins.octoprint.org/assets/img/plugins/telegram/features3.png", "title": "OctoPrint-Telegram", "id": "telegram", "published": "2016-02-25 00:00:00 +0000", "compatibility": {"python": ">=2.7,<3", "octoprint": ["1.2.9"], "os": []}, "homepage": "https://github.com/fabianonline/OctoPrint-Telegram", "archive": "https://github.com/fabianonline/OctoPrint-Telegram/archive/stable.zip", "page": "https://plugins.octoprint.org/plugins/telegram/"}, {"description": "A plugin that send a notification with Pushover when the job is done or is failed", "license": "AGPLv3", "author": "Thijs Bekke", "image": "https://plugins.octoprint.org/assets/img/plugins/pushover/pushover.png", "title": "Pushover", "id": "pushover", "published": "2016-04-13 00:00:00 +0000", "compatibility": {"python": ">=2.7,<3", "octoprint": [], "os": []}, "homepage": "https://github.com/thijsbekke/OctoPrint-Pushover/", "archive": "https://github.com/thijsbekke/OctoPrint-Pushover/archive/master.zip", "page": "https://plugins.octoprint.org/plugins/pushover/"}, {"description": "Control Redeems configuration", "license": "AGPLv3", "author": "Elias Bakken", "image": "http://www.thing-printer.com/wp-content/uploads/2016/04/octoprint-redeem.png", "title": "OctoPrint Redeem", "id": "redeem", "published": "2016-04-26 00:00:00 +0000", "compatibility": {"python": ">=2.7,<3", "octoprint": ["1.2.8"], "os": []}, "homepage": "http://wiki.thing-printer.com/index.php?title=Main_Page", "archive": "https://github.com/eliasbakken/octoprint_redeem/archive/master.zip", "page": "https://plugins.octoprint.org/plugins/redeem/"}, {"description": "When a file is loaded to be printed, it will display the estimated cost of printing.", "license": "MIT", "author": "Jan Szumiec", "title": "Cost estimator", "id": "cost", "published": "2016-06-11 00:00:00 +0000", "compatibility": {"python": ">=2.7,<3", "octoprint": [], "os": []}, "homepage": "https://github.com/jasiek/OctoPrint-Cost", "archive": "https://github.com/jasiek/OctoPrint-Cost/archive/master.zip", "page": "https://plugins.octoprint.org/plugins/cost/"}, {"description": "Turn on/off terminal autoscroll when scrolling up/down", "license": "AGPLv3", "author": "ovidiu", "title": "Autoscroll", "id": "autoscroll", "published": "2016-06-27 00:00:00 +0000", "compatibility": {"python": ">=2.7,<3", "octoprint": ["1.2.6"], "os": []}, "homepage": "https://github.com/MoonshineSG/OctoPrint-Autoscroll", "archive": "https://github.com/MoonshineSG/OctoPrint-Autoscroll/archive/master.zip", "page": "https://plugins.octoprint.org/plugins/autoscroll/"}, {"description": "Use a filament sensor to pause printing when filament runs out.", "license": "AGPLv3", "author": "ovidiu", "title": "Filament Sensor", "id": "filament_sensor", "published": "2016-06-29 00:00:00 +0000", "compatibility": {"python": ">=2.7,<3", "octoprint": ["1.2.6"], "os": ["linux", "freebsd"]}, "homepage": "https://github.com/MoonshineSG/OctoPrint-Filament", "archive": "https://github.com/MoonshineSG/OctoPrint-Filament/archive/master.zip", "page": "https://plugins.octoprint.org/plugins/filament_sensor/"}, {"description": "Inject GCODE at specified layers to allow multi color printing", "license": "AGPLv3", "author": "ovidiu", "title": "Multi Colors", "id": "multi_colors", "published": "2016-06-29 00:00:00 +0000", "compatibility": {"python": ">=2.7,<3", "octoprint": ["1.2.6"], "os": []}, "homepage": "https://github.com/MoonshineSG/OctoPrint-MultiColors", "archive": "https://github.com/MoonshineSG/OctoPrint-MultiColors/archive/master.zip", "page": "https://plugins.octoprint.org/plugins/multi_colors/"}, {"description": "Send GCode from the sidebar", "license": "AGPLv3", "author": "Markus Towara", "image": "https://plugins.octoprint.org/assets/img/plugins/gcodebar/gcodebar.png", "title": "GCodeBar", "id": "gcodebar", "published": "2016-09-01 00:00:00 +0000", "compatibility": {"python": ">=2.7,<3", "octoprint": [], "os": []}, "homepage": "https://github.com/mtowara/OctoPrint-Gcodebar", "archive": "https://github.com/mtowara/OctoPrint-Gcodebar/archive/master.zip", "page": "https://plugins.octoprint.org/plugins/gcodebar/"}, {"description": "Displays detailed progress on the LCD screen", "license": "AGPLv3", "author": "Dattas Moonchaser", "image": "https://plugins.octoprint.org/assets/img/plugins/detailedprogress/example-eta.jpg", "title": "Detailed Progress", "id": "detailedprogress", "published": "2016-09-02 00:00:00 +0000", "compatibility": {"python": ">=2.7,<3", "octoprint": [], "os": []}, "homepage": "https://github.com/dattas/OctoPrint-DetailedProgress", "archive": "https://github.com/dattas/OctoPrint-DetailedProgress/archive/master.zip", "page": "https://plugins.octoprint.org/plugins/detailedprogress/"}, {"description": "A full-blown GUI-based slicer. Rotate and scale model; slice multiple STL files at a time; set layer height and other slicing settings.", "license": "AGPLv3", "author": "Kenneth Jiang", "image": "https://plugins.octoprint.org/assets/img/plugins/slicer/screenshot1.png", "title": "Full-featured Slicer", "id": "slicer", "published": "2016-09-22 00:00:00 +0000", "compatibility": {"python": ">=2.7,<3", "octoprint": ["1.2.14"], "os": []}, "homepage": "https://github.com/kennethjiang/OctoPrint-Slicer", "archive": "https://github.com/kennethjiang/OctoPrint-Slicer/archive/master.zip", "page": "https://plugins.octoprint.org/plugins/slicer/"}, {"description": "Allows viewing uploaded models, using a Micro 3D printer, modifying a slicer profile and model before slicing, uploading OBJs and other 3D file formats, hosting a webcam stream, and much more", "license": "GPLv3", "author": "donovan6000", "image": "https://plugins.octoprint.org/assets/img/plugins/m33fio/model_editor.png", "title": "M33 Fio", "id": "m33fio", "published": "2016-10-25 00:00:00 +0000", "compatibility": {"python": ">=2.7,<3", "octoprint": [], "os": []}, "homepage": "https://github.com/donovan6000/M33-Fio", "archive": "https://github.com/donovan6000/M33-Fio/archive/master.zip", "page": "https://plugins.octoprint.org/plugins/m33fio/"}, {"description": "Plugin to send M117 gcode messages to the top navbar of OctoPrint.", "license": "AGPLv3", "author": "jneilliii", "image": "https://plugins.octoprint.org/assets/img/plugins/M117NavBar/screenshot.png", "title": "OctoPrint-M117NavBar", "id": "M117NavBar", "published": "2016-10-27 00:00:00 +0000", "compatibility": {"python": ">=2.7,<3", "octoprint": [], "os": []}, "homepage": "https://github.com/jneilliii/OctoPrint-M117NavBar", "archive": "https://github.com/jneilliii/OctoPrint-M117NavBar/archive/master.zip", "page": "https://plugins.octoprint.org/plugins/M117NavBar/"}, {"description": "Plugin to send M117 gcode messages to the web interface.", "license": "AGPLv3", "author": "jneilliii", "image": "https://plugins.octoprint.org/assets/img/plugins/M117PopUp/screenshot_1.png", "title": "OctoPrint-M117PopUp", "id": "M117PopUp", "published": "2016-10-27 00:00:00 +0000", "compatibility": {"python": ">=2.7,<3", "octoprint": [], "os": []}, "homepage": "https://github.com/jneilliii/OctoPrint-M117PopUp", "archive": "https://github.com/jneilliii/OctoPrint-M117PopUp/archive/master.zip", "page": "https://plugins.octoprint.org/plugins/M117PopUp/"}, {"description": "Customised user interface, that has been optimised for iOS devices.", "license": "AGPLv3", "author": "ovidiu", "image": "https://plugins.octoprint.org/assets/img/plugins/nautilus/img1.gif", "title": "Nautilus - mobile shell for OctoPrint", "id": "nautilus", "published": "2016-10-27 00:00:00 +0000", "compatibility": {"python": ">=2.7,<3", "octoprint": ["1.3.0"], "os": []}, "homepage": "https://github.com/MoonshineSG/OctoPrint-Mobile/wiki", "archive": "https://github.com/MoonshineSG/OctoPrint-Mobile/archive/master.zip", "page": "https://plugins.octoprint.org/plugins/nautilus/"}, {"description": "A simple filemanager for OctoPrint", "license": "AGPLv3", "author": "Marc Hannappel (Salandora)", "image": "https://plugins.octoprint.org/assets/img/plugins/filemanager/img1.png", "title": "FileManager", "id": "filemanager", "published": "2016-12-09 00:00:00 +0000", "compatibility": {"python": ">=2.7,<3", "octoprint": ["1.3.0"], "os": []}, "homepage": "https://github.com/Salandora/OctoPrint-FileManager", "archive": "https://github.com/Salandora/OctoPrint-FileManager/archive/master.zip", "page": "https://plugins.octoprint.org/plugins/filemanager/"}, {"description": "Use a filament sensor to pause printing when filament runs out.", "license": "AGPLv3", "author": "kontakt", "title": "Filament Sensor Reloaded", "id": "filament_sensor_reloaded", "published": "2017-01-06 00:00:00 +0000", "compatibility": {"python": ">=2.7,<3", "octoprint": ["1.2.6"], "os": ["linux", "freebsd"]}, "homepage": "https://github.com/kontakt/Octoprint-Filament-Reloaded", "archive": "https://github.com/kontakt/Octoprint-Filament-Reloaded/archive/master.zip", "page": "https://plugins.octoprint.org/plugins/filament_sensor_reloaded/"}, {"description": "Recieve SMS notifications when OctoPrint jobs are complete.", "license": "AGPLv3", "author": "Richard Bteman", "image": "https://plugins.octoprint.org/assets/img/plugins/smsnotifier/smsnotifier.png", "title": "SMS Notifier (with Twilio)", "id": "smsnotifier", "published": "2017-01-10 00:00:00 +0000", "compatibility": {"python": ">=2.7,<3", "octoprint": ["1.2.4"], "os": []}, "homepage": "https://github.com/taxilian/OctoPrint-Twilio", "archive": "https://github.com/taxilian/OctoPrint-Twilio/archive/master.zip", "page": "https://plugins.octoprint.org/plugins/smsnotifier/"}, {"description": "Open the webcam feed in fullscreen mode with extra details about the printjob", "license": "AGPLv3", "author": "Paul de Vries", "image": "https://plugins.octoprint.org/assets/img/plugins/fullscreen_webcam/main.jpg", "title": "Fullscreen Webcam", "id": "fullscreen", "published": "2017-01-16 00:00:00 +0000", "compatibility": {"python": ">=2.7,<3", "octoprint": [], "os": []}, "homepage": "https://github.com/BillyBlaze/OctoPrint-FullScreen", "archive": "https://github.com/BillyBlaze/OctoPrint-FullScreen/archive/master.zip", "page": "https://plugins.octoprint.org/plugins/fullscreen/"}, {"description": "Octoprint plugin for print completion notifications using Free (Free is a French telecommunications company)", "license": "AGPLv3", "author": "Antoine CAVARD", "image": "https://plugins.octoprint.org/assets/img/plugins/freemobilenotifier/freemobilenotifier.png", "title": "OctoPrint_FreeMobile-Notifier", "id": "freemobilenotifier", "published": "2017-01-25 00:00:00 +0000", "compatibility": {"python": ">=2.7,<3", "octoprint": [], "os": []}, "homepage": "https://github.com/Pinaute/OctoPrint_FreeMobile-Notifier", "archive": "https://github.com/Pinaute/OctoPrint_FreeMobile-Notifier/archive/master.zip", "page": "https://plugins.octoprint.org/plugins/freemobilenotifier/"}, {"description": "Control ATX/AUX power supply", "license": "AGPLv3", "author": "Shawn Bruce", "image": "https://raw.githubusercontent.com/kantlivelong/OctoPrint-PSUControl/master/psucontrol_navbar_settings.png", "title": "PSU Control", "id": "psucontrol", "published": "2017-01-25 00:00:00 +0000", "compatibility": {"python": ">=2.7,<3", "octoprint": [], "os": ["linux", "freebsd", "macos", "windows"]}, "homepage": "https://github.com/kantlivelong/OctoPrint-PSUControl", "archive": "https://github.com/kantlivelong/OctoPrint-PSUControl/archive/master.zip", "page": "https://plugins.octoprint.org/plugins/psucontrol/"}, {"description": "Adds support for slicing via Slic3r from within OctoPrint", "license": "AGPLv3", "author": "Javier Mart\u00ednez Arrieta, Eyal Soha", "image": "https://plugins.octoprint.org/assets/img/plugins/slic3r/logo.png", "title": "OctoPrint-Slic3r", "id": "slic3r", "published": "2017-02-07 00:00:00 +0000", "compatibility": {"python": ">=2.7,<3", "octoprint": [], "os": []}, "homepage": "https://github.com/OctoPrint/OctoPrint-Slic3r", "archive": "https://github.com/OctoPrint/OctoPrint-Slic3r/archive/master.zip", "page": "https://plugins.octoprint.org/plugins/slic3r/"}, {"description": "Plugin for OctoPrint that adds a special tab with commands for the Tobeca 3d printer.", "license": "AGPLv3", "author": "Saymtech", "title": "Tobeca Plugin", "id": "tobecaplugin", "published": "2017-02-16 00:00:00 +0000", "compatibility": {"python": ">=2.7,<3", "octoprint": ["1.2.16"], "os": []}, "homepage": "https://github.com/tobeca/OctoPrint-TobecaPlugin/", "archive": "https://github.com/tobeca/OctoPrint-TobecaPlugin/archive/master.zip", "page": "https://plugins.octoprint.org/plugins/tobecaplugin/"}, {"description": "Display room temperature on navbar", "license": "AGPLv3", "author": "Frederic Moutin", "image": "https://raw.githubusercontent.com/l00ma/OctoPrint-roomTemp/master/RoomTemp.png", "title": "Room Temperature", "id": "roomtemp", "disabled": "<p>This plugin can cause severe server issues in its current form.</p>\n", "published": "2017-03-02 00:00:00 +0000", "compatibility": {"python": ">=2.7,<3", "octoprint": ["1.3.1"], "os": ["disabled"]}, "homepage": "https://github.com/l00ma/OctoPrint-roomTemp", "archive": "https://github.com/l00ma/OctoPrint-roomTemp/archive/master.zip", "page": "https://plugins.octoprint.org/plugins/roomtemp/"}, {"description": "A simple tool to move the extruder to different touch points around the perimeter of the print bed. Useful for bed leveling.", "license": "AGPLv3", "author": "Daniel Miller", "image": "https://cloud.githubusercontent.com/assets/494334/23596279/dfd73e88-01dd-11e7-862d-46ca012149af.PNG", "title": "Touchtest Bed Leveling", "id": "touchtest", "published": "2017-03-05 00:00:00 +0000", "compatibility": {"python": ">=2.7,<3", "octoprint": [], "os": []}, "homepage": "https://github.com/Peaches491/OctoPrint-Touchtest", "archive": "https://github.com/Peaches491/OctoPrint-Touchtest/archive/master.zip", "page": "https://plugins.octoprint.org/plugins/touchtest/"}, {"description": "Control RGB LED Strips via your Raspberry Pi and GCode.", "license": "Apache 2", "author": "Uriah Welcome", "title": "LEDStripControl", "id": "ledstripcontrol", "published": "2017-03-10 00:00:00 +0000", "compatibility": {"python": ">=2.7,<3", "octoprint": ["1.3.1"], "os": []}, "homepage": "https://github.com/google/OctoPrint-LEDStripControl", "archive": "https://github.com/google/OctoPrint-LEDStripControl/archive/master.zip", "page": "https://plugins.octoprint.org/plugins/ledstripcontrol/"}, {"description": "Define G-Code commands that execute local system commands", "license": "AGPLv3", "author": "Shawn Bruce", "image": "https://plugins.octoprint.org/assets/img/plugins/gcodesystemcommands/gcodesystemcommands_settings.png", "title": "GCODE System Commands", "id": "gcodesystemcommands", "published": "2017-03-14 00:00:00 +0000", "compatibility": {"python": ">=2.7,<3", "octoprint": [], "os": []}, "homepage": "https://github.com/kantlivelong/OctoPrint-GCodeSystemCommands", "archive": "https://github.com/kantlivelong/OctoPrint-GCodeSystemCommands/archive/master.zip", "page": "https://plugins.octoprint.org/plugins/gcodesystemcommands/"}, {"description": "Control printer environment (Temperature control / Lights / Fans and Filament Sensor) using Raspberry Pi GPIO", "license": "GPLv3", "author": "Vitor Henrique", "image": "https://plugins.octoprint.org/assets/img/plugins/enclosure/Plugin_Temperature_Control.png", "title": "OctoPrint-Enclosure", "id": "enclosure", "published": "2017-03-15 00:00:00 +0000", "compatibility": {"python": ">=2.7,<3", "octoprint": [], "os": ["linux", "freebsd"]}, "homepage": "https://github.com/vitormhenrique/OctoPrint-Enclosure", "archive": "https://github.com/vitormhenrique/OctoPrint-Enclosure/archive/master.zip", "page": "https://plugins.octoprint.org/plugins/enclosure/"}, {"description": "Changes the \"Motors Off\" command from M18 to M84 for compatibility with Repetier Firmware.", "license": "AGPLv3", "author": "ntoff", "title": "M84 Motors Off", "id": "m84motoff", "published": "2017-03-21 00:00:00 +0000", "compatibility": {"python": ">=2.7,<3", "octoprint": [], "os": []}, "homepage": "https://github.com/ntoff/Octoprint-M84MotOff", "archive": "https://github.com/ntoff/Octoprint-M84MotOff/archive/master.zip", "page": "https://plugins.octoprint.org/plugins/m84motoff/"}, {"description": "Control your 3D-Printer with an Arduino and a Keypad or a custom remote", "license": "AGPLv3", "author": "Pascal Krumme", "image": "https://plugins.octoprint.org/assets/img/plugins/OctoRemote/Hardware1.JPG", "title": "OctoPrint-Octoremote", "id": "OctoRemote", "published": "2017-03-29 00:00:00 +0000", "compatibility": {"python": ">=2.7,<3", "octoprint": [], "os": []}, "homepage": "https://github.com/pkElectronics/OctoPrint-Octoremote", "archive": "https://github.com/pkElectronics/OctoPrint-Octoremote/archive/master.zip", "page": "https://plugins.octoprint.org/plugins/OctoRemote/"}, {"description": "Replaces the temperature graph with an interactive and zoomable one", "license": "MIT", "author": "Robin Vanhove", "image": "https://plugins.octoprint.org/assets/img/plugins/tempsgraph/zoom.png", "title": "OctoPrint-Tempsgraph", "id": "tempsgraph", "published": "2017-03-29 00:00:00 +0000", "compatibility": {"python": ">=2.7,<3", "octoprint": ["1.3.2"], "os": []}, "homepage": "https://github.com/1r0b1n0/OctoPrint-Tempsgraph", "archive": "https://github.com/1r0b1n0/OctoPrint-Tempsgraph/archive/master.zip", "page": "https://plugins.octoprint.org/plugins/tempsgraph/"}, {"description": "Execute shell commands when temperatures violate thresholds", "license": "Apache 2", "author": "Uriah Welcome", "title": "TemperatureFailsafe", "id": "temperaturefailesafe", "published": "2017-04-14 00:00:00 +0000", "compatibility": {"python": ">=2.7,<3", "octoprint": ["1.3.1"], "os": ["linux"]}, "homepage": "https://github.com/google/OctoPrint-TemperatureFailsafe", "archive": "https://github.com/google/OctoPrint-TemperatureFailsafe/archive/master.zip", "page": "https://plugins.octoprint.org/plugins/temperaturefailesafe/"}, {"description": "Control important maintenance and calibration settings easy accessible from a dropdown-button in the navbar.", "license": "AGPLv3", "author": "Andreas Bruckmann", "image": "https://plugins.octoprint.org/assets/img/plugins/finetunerptr/OctoPrint-FineTuneRptr.png", "title": "OctoPrint-Finetunerptr", "id": "finetunerptr", "published": "2017-04-23 00:00:00 +0000", "compatibility": {"python": ">=2.7,<3", "octoprint": [], "os": []}, "homepage": "https://github.com/xyzaxyz/OctoPrint-Finetunerptr", "archive": "https://github.com/xyzaxyz/OctoPrint-Finetunerptr/archive/master.zip", "page": "https://plugins.octoprint.org/plugins/finetunerptr/"}, {"description": "Support Grbl style GCODE for using CNCs and Laser engravers with OctoPrint.", "license": "MIT", "author": "mic159", "image": "https://plugins.octoprint.org/assets/img/plugins/grbl/Grbl_logo.png", "title": "Grbl support for OctoPrint", "id": "octoprint-grbl-plugin", "published": "2017-05-11 00:00:00 +0000", "compatibility": {"python": ">=2.7,<3", "octoprint": ["1.3.0"], "os": []}, "homepage": "https://github.com/mic159/octoprint-grbl-plugin", "archive": "https://github.com/mic159/octoprint-grbl-plugin/archive/master.zip", "page": "https://plugins.octoprint.org/plugins/octoprint-grbl-plugin/"}, {"description": "OctoPrint plugin for camera based pick 'n place operations", "license": "AGPLv3", "author": "Florens Wasserfall", "image": "https://plugins.octoprint.org/assets/img/plugins/OctoPNP/screenshot.png", "title": "OctoPNP", "id": "OctoPNP", "published": "2017-05-19 00:00:00 +0000", "compatibility": {"python": ">=2.7,<3", "octoprint": [], "os": []}, "homepage": "https://github.com/platsch/OctoPNP", "archive": "https://github.com/platsch/OctoPNP/archive/master.zip", "page": "https://plugins.octoprint.org/plugins/OctoPNP/"}, {"description": "An OctoPrint plugin for monitoring your printer and prints via Slack or Mattermost", "license": "MIT", "author": "Chris Fraschetti", "image": "https://plugins.octoprint.org/assets/img/plugins/Octoprint/Octoslack-PrintProgress_SlackOnly.png", "title": "Octoslack", "id": "Octoslack", "published": "2017-05-20 00:00:00 +0000", "compatibility": {"python": ">=2.7,<3", "octoprint": [], "os": []}, "homepage": "https://github.com/fraschetti/Octoslack", "archive": "https://github.com/fraschetti/Octoslack/archive/master.zip", "page": "https://plugins.octoprint.org/plugins/Octoslack/"}, {"description": "Adds handling for user-definable action commands.", "license": "AGPLv3", "author": "Ben Lye", "image": "https://plugins.octoprint.org/assets/img/plugins/actioncommands/settings.png", "title": "Action Commands", "id": "actioncommands", "published": "2017-06-30 00:00:00 +0000", "compatibility": {"python": ">=2.7,<3", "octoprint": [], "os": []}, "homepage": "https://github.com/benlye/OctoPrint-ActionCommandsPlugin", "archive": "https://github.com/benlye/OctoPrint-ActionCommandsPlugin/archive/master.zip", "page": "https://plugins.octoprint.org/plugins/actioncommands/"}, {"description": "Remote monitoring and control of your 3D printers over the internet. ANYWHERE. ON YOUR PHONE. No more port forwarding or VPN.", "license": "AGPLv3", "author": "Kenneth Jiang", "image": "https://plugins.octoprint.org/assets/img/plugins/anywhere/screenshot1.png", "title": "OctoPrint Anywhere", "id": "anywhere", "published": "2017-07-01 00:00:00 +0000", "compatibility": {"python": ">=2.7,<3", "octoprint": ["1.3.2"], "os": ["linux", "windows", "macos", "freebsd"]}, "homepage": "https://github.com/kennethjiang/OctoPrint-Anywhere", "archive": "https://github.com/kennethjiang/OctoPrint-Anywhere/archive/master.zip", "page": "https://plugins.octoprint.org/plugins/anywhere/"}, {"description": "Simple plugin to add BLTouch controls to the Control tab.", "license": "AGPLv3", "author": "jneilliii", "image": "https://plugins.octoprint.org/assets/img/plugins/BLTouch/screenshot.png", "title": "OctoPrint-BLTouch", "id": "BLTouch", "published": "2017-07-14 00:00:00 +0000", "compatibility": {"python": ">=2.7,<3", "octoprint": [], "os": []}, "homepage": "https://github.com/jneilliii/OctoPrint-BLTouch", "archive": "https://github.com/jneilliii/OctoPrint-BLTouch/archive/master.zip", "page": "https://plugins.octoprint.org/plugins/BLTouch/"}, {"description": "Connects OctoPrint to the Polar Cloud so you can easily monitor and control OctoPrint outside of your local network", "license": "AGPLv3", "author": "Mark Walker", "image": "https://plugins.octoprint.org/assets/img/plugins/polarcloud/polarcloud.png", "title": "Polar Cloud", "id": "polarcloud", "published": "2017-07-14 00:00:00 +0000", "compatibility": {"python": ">=2.7,<3", "octoprint": ["1.3.4"], "os": []}, "homepage": "https://github.com/markwal/OctoPrint-PolarCloud/blob/master/README.md", "archive": "https://github.com/markwal/OctoPrint-PolarCloud/archive/master.zip", "page": "https://plugins.octoprint.org/plugins/polarcloud/"}, {"description": "Displays the estimated print cost for the loaded model", "license": "AGPLv3", "author": "Sven Lohrmann", "title": "CostEstimation", "id": "costestimation", "published": "2017-07-16 00:00:00 +0000", "compatibility": {"python": ">=2.7,<3", "octoprint": ["1.2.14"], "os": []}, "homepage": "https://github.com/malnvenshorn/OctoPrint-CostEstimation", "archive": "https://github.com/malnvenshorn/OctoPrint-CostEstimation/archive/master.zip", "page": "https://plugins.octoprint.org/plugins/costestimation/"}, {"description": "Simple plugin to add a YouTube Live tab to OctoPrint.", "license": "AGPLv3", "author": "jneilliii", "image": "https://plugins.octoprint.org/assets/img/plugins/YouTubeLive/tab_screenshot.jpg", "title": "OctoPrint-YouTubeLive", "id": "YouTubeLive", "published": "2017-07-23 00:00:00 +0000", "compatibility": {"python": ">=2.7,<3", "octoprint": [], "os": []}, "homepage": "https://github.com/jneilliii/OctoPrint-YouTubeLive", "archive": "https://github.com/jneilliii/OctoPrint-YouTubeLive/archive/master.zip", "page": "https://plugins.octoprint.org/plugins/YouTubeLive/"}, {"description": "Add an emergency stop buton on NavBar!", "license": "AGPLv3", "author": "Sebastien Clement", "image": "https://plugins.octoprint.org/assets/img/plugins/simpleemergencystop/emergencystopsign.png", "title": "Simple Emergency Stop", "id": "simpleemergencystop", "published": "2017-07-23 00:00:00 +0000", "compatibility": {"python": ">=2.7,<3", "octoprint": [], "os": []}, "homepage": "https://github.com/BrokenFire/OctoPrint-SimpleEmergencyStop", "archive": "https://github.com/BrokenFire/OctoPrint-SimpleEmergencyStop/archive/master.zip", "page": "https://plugins.octoprint.org/plugins/simpleemergencystop/"}, {"description": "Makes it possible to change the EEPROM values of the Monoprice Select Mini or Malyan M200 Firmware through OctoPrint", "license": "AGPLv3", "author": "Brian Ruhmann", "image": "https://plugins.octoprint.org/assets/img/plugins/eeprom_mpselectmini/screen.png", "title": "EEPROM Editor for Monoprice Select Mini", "id": "eeprom_MPSelectMini", "published": "2017-08-13 00:00:00 +0000", "compatibility": {"python": ">=2.7,<3", "octoprint": [], "os": []}, "homepage": "https://github.com/bruhmann/OctoPrint-EEprom-MPSelectMini", "archive": "https://github.com/bruhmann/OctoPrint-EEprom-MPSelectMini/archive/master.zip", "page": "https://plugins.octoprint.org/plugins/eeprom_MPSelectMini/"}, {"description": "This plugin provides some useful hangprinter control elements. It can be used for setting up and calibration of a Hangprinter.", "license": "AGPLv3", "author": "Mario Lukas", "image": "https://plugins.octoprint.org/assets/img/plugins/Hangprinter/screenshot.jpg", "title": "OctoPrint-Hangprinter", "id": "Hangprinter", "published": "2017-08-20 00:00:00 +0000", "compatibility": {"python": ">=2.7,<3", "octoprint": [], "os": []}, "homepage": "https://github.com/mariolukas/OctoPrint-Hangprinter", "archive": "https://github.com/mariolukas/OctoPrint-Hangprinter/archive/master.zip", "page": "https://plugins.octoprint.org/plugins/Hangprinter/"}, {"description": "Filament Manager for OctoPrint", "license": "AGPLv3", "author": "Sven Lohrmann", "title": "FilamentManager", "id": "filamentmanager", "published": "2017-08-22 00:00:00 +0000", "compatibility": {"python": ">=2.7,<3", "octoprint": ["1.3.6"], "os": []}, "homepage": "https://github.com/malnvenshorn/OctoPrint-FilamentManager", "archive": "https://github.com/malnvenshorn/OctoPrint-FilamentManager/archive/master.zip", "page": "https://plugins.octoprint.org/plugins/filamentmanager/"}, {"description": "Let you select file types visible in upload dialog", "license": "AGPLv3", "author": "thelongrunsmoke", "image": "https://plugins.octoprint.org/assets/img/plugins/filetypes/screen.jpg", "title": "Filetypes", "id": "filetypes", "published": "2017-08-23 00:00:00 +0000", "compatibility": {"python": ">=2.7,<3", "octoprint": [], "os": []}, "homepage": "https://github.com/TheLongRunSmoke/OctoPrint-Filetypes", "archive": "https://github.com/TheLongRunSmoke/OctoPrint-Filetypes/archive/master.zip", "page": "https://plugins.octoprint.org/plugins/filetypes/"}, {"description": "Plugin to change the background image on the temperature graph.", "license": "AGPLv3", "author": "jneilliii", "image": "https://plugins.octoprint.org/assets/img/plugins/CustomBackground/screenshot.png", "title": "OctoPrint-CustomBackground", "id": "custombackground", "published": "2017-08-27 00:00:00 +0000", "compatibility": {"python": ">=2.7,<3", "octoprint": [], "os": []}, "homepage": "https://github.com/jneilliii/OctoPrint-CustomBackground", "archive": "https://github.com/jneilliii/OctoPrint-CustomBackground/archive/master.zip", "page": "https://plugins.octoprint.org/plugins/custombackground/"}, {"description": "Plugin to control TP-Link Smartplug devices from OctoPrint web interface.", "license": "AGPLv3", "author": "jneilliii", "image": "https://plugins.octoprint.org/assets/img/plugins/TPLinkSmartplug/screenshot_on.png", "title": "OctoPrint-TPLinkSmartplug", "id": "tplinksmartplug", "published": "2017-09-03 00:00:00 +0000", "compatibility": {"python": ">=2.7,<3", "octoprint": [], "os": []}, "homepage": "https://github.com/jneilliii/OctoPrint-TPLinkSmartplug", "archive": "https://github.com/jneilliii/OctoPrint-TPLinkSmartplug/archive/master.zip", "page": "https://plugins.octoprint.org/plugins/tplinksmartplug/"}, {"description": "A plugin to send notifications with Pushjet when the job is done or is failed", "license": "AGPLv3", "author": "Jacopo Ferrigno", "image": "https://plugins.octoprint.org/assets/img/plugins/pushjet/settings.png", "title": "OctoPrint-Pushjet", "id": "pushjet", "published": "2017-09-09 00:00:00 +0000", "compatibility": {"python": ">=2.7,<3", "octoprint": [], "os": []}, "homepage": "https://github.com/dipusone/OctoPrint-Pushjet", "archive": "https://github.com/dipusone/OctoPrint-Pushjet/archive/master.zip", "page": "https://plugins.octoprint.org/plugins/pushjet/"}, {"description": "Send notices to the Repetier-Informer app.", "license": "AGPLv3", "author": "Dan Delaney", "image": "https://plugins.octoprint.org/assets/img/plugins/RepetierInformer/RepetierInformer-appNotification.png", "title": "OctoPrint-RepetierInformer", "id": "RepetierInformer", "published": "2017-09-18 00:00:00 +0000", "compatibility": {"python": ">=2.7,<3", "octoprint": [], "os": []}, "homepage": "https://github.com/drdelaney/OctoPrint-RepetierInformer", "archive": "https://github.com/drdelaney/OctoPrint-RepetierInformer/archive/master.zip", "page": "https://plugins.octoprint.org/plugins/RepetierInformer/"}, {"description": "Automatically shut off heaters if no print has been started.", "license": "Apache 2", "author": "Uriah Welcome", "title": "HeaterTimeout", "id": "heatertimeout", "published": "2017-09-25 00:00:00 +0000", "compatibility": {"python": ">=2.7,<3", "octoprint": ["1.3.1"], "os": []}, "homepage": "https://github.com/google/OctoPrint-HeaterTimeout", "archive": "https://github.com/google/OctoPrint-HeaterTimeout/archive/master.zip", "page": "https://plugins.octoprint.org/plugins/heatertimeout/"}, {"description": "Edit gcode that's been uploaded to OctoPrint", "license": "AGPLv3", "author": "ieatacid", "image": "https://plugins.octoprint.org/assets/img/plugins/GcodeEditor/edit_gcode.png", "title": "GcodeEditor", "id": "GcodeEditor", "published": "2017-11-01 00:00:00 +0000", "compatibility": {"python": ">=2.7,<3", "octoprint": [], "os": []}, "homepage": "https://github.com/ieatacid/OctoPrint-GcodeEditor", "archive": "https://github.com/ieatacid/OctoPrint-GcodeEditor/archive/master.zip", "page": "https://plugins.octoprint.org/plugins/GcodeEditor/"}, {"description": "Beautiful themes for octoprint", "license": "AGPLv3", "author": "Birk Johansson", "image": "https://plugins.octoprint.org/assets/img/plugins/themeify/discorded_ss.png", "title": "Themeify", "id": "themeify", "published": "2017-11-11 00:00:00 +0000", "compatibility": {"python": ">=2.7,<3", "octoprint": ["1.3.5"], "os": ["linux", "windows", "macos", "freebsd"]}, "homepage": "https://github.com/birkbjo/OctoPrint-Themeify", "archive": "https://github.com/birkbjo/OctoPrint-Themeify/archive/master.zip", "page": "https://plugins.octoprint.org/plugins/themeify/"}, {"description": "Automatically heat printhead to the printing temperature of the current gcode file", "license": "MIT", "author": "Marian Kleineberg", "image": "https://plugins.octoprint.org/assets/img/plugins/preheat/preheat.png", "title": "Preheat Button", "id": "preheat", "published": "2017-11-21 00:00:00 +0000", "compatibility": {"python": ">=2.7,<3", "octoprint": [], "os": []}, "homepage": "https://github.com/marian42/octoprint-preheat", "archive": "https://github.com/marian42/octoprint-preheat/archive/master.zip", "page": "https://plugins.octoprint.org/plugins/preheat/"}, {"description": "Simple plugin to control sonoff devices that have been flashed with Tasmota.", "license": "AGPLv3", "author": "jneilliii", "image": "https://plugins.octoprint.org/assets/img/plugins/tasmota/screenshot.png", "title": "OctoPrint-Tasmota", "id": "tasmota", "published": "2017-11-24 00:00:00 +0000", "compatibility": {"python": ">=2.7,<3", "octoprint": ["1.2.0"], "os": ["linux", "windows", "macos", "freebsd"]}, "homepage": "https://github.com/jneilliii/OctoPrint-Tasmota", "archive": "https://github.com/jneilliii/OctoPrint-Tasmota/archive/master.zip", "page": "https://plugins.octoprint.org/plugins/tasmota/"}, {"description": "Auto collapse the files accordion.", "license": "AGPLv3", "author": "ntoff", "title": "Auto Collapse Files", "id": "autocollapse", "published": "2017-12-02 00:00:00 +0000", "compatibility": {"python": ">=2.7,<3", "octoprint": ["1.3.5"], "os": []}, "homepage": "https://github.com/ntoff/OctoPrint-AutoCollapse", "archive": "https://github.com/ntoff/OctoPrint-AutoCollapse/archive/master.zip", "page": "https://plugins.octoprint.org/plugins/autocollapse/"}, {"description": "Adds an emergency stop button to the sidebar.", "license": "AGPLv3", "author": "ntoff", "image": "https://plugins.octoprint.org/assets/img/plugins/estop/enabled.PNG", "title": "Emergency STOP! button", "id": "estop", "published": "2017-12-02 00:00:00 +0000", "compatibility": {"python": ">=2.7,<3", "octoprint": ["1.2.0"], "os": ["linux", "windows", "macos"]}, "homepage": "https://github.com/ntoff/OctoPrint-Estop", "archive": "https://github.com/ntoff/OctoPrint-Estop/archive/master.zip", "page": "https://plugins.octoprint.org/plugins/estop/"}, {"description": "Extra axis movement distances", "license": "AGPLv3", "author": "ntoff", "image": "https://plugins.octoprint.org/assets/img/plugins/extradistance/screenshot.png", "title": "OctoPrint-ExtraDistance", "id": "extradistance", "published": "2017-12-02 00:00:00 +0000", "compatibility": {"python": ">=2.7,<3", "octoprint": ["1.3.5"], "os": ["linux", "windows", "macos", "freebsd"]}, "homepage": "https://github.com/ntoff/OctoPrint-ExtraDistance", "archive": "https://github.com/ntoff/OctoPrint-ExtraDistance/archive/master.zip", "page": "https://plugins.octoprint.org/plugins/extradistance/"}, {"description": "Control your parts cooling fan", "license": "AGPLv3", "author": "ntoff", "image": "https://plugins.octoprint.org/assets/img/plugins/fanslider/slider.JPG", "title": "Fan Speed Control", "id": "fanslider", "published": "2017-12-02 00:00:00 +0000", "compatibility": {"python": ">=2.7,<3", "octoprint": ["1.3.5"], "os": []}, "homepage": "https://github.com/ntoff/OctoPrint-FanSpeedSlider", "archive": "https://github.com/ntoff/OctoPrint-FanSpeedSlider/archive/master.zip", "page": "https://plugins.octoprint.org/plugins/fanslider/"}, {"description": "Wirelessly manage and monitor your OctoPi powered printer from the AstroPrint Platform (AP Mobile Apps, AP Desktop Software, & AP Web Portal).", "license": "AGPLv3", "author": "AstroPrint", "image": "https://plugins.octoprint.org/assets/img/plugins/astroprint/astroprint-hero.jpg", "title": "AstroPrint Cloud", "id": "astroprint", "published": "2017-12-15 00:00:00 +0000", "compatibility": {"python": ">=2.7,<3", "octoprint": ["1.3.4"], "os": []}, "homepage": "https://github.com/AstroPrint/OctoPrint-AstroPrint/blob/master/README.md", "archive": "https://github.com/AstroPrint/OctoPrint-AstroPrint/archive/master.zip", "page": "https://plugins.octoprint.org/plugins/astroprint/"}, {"description": "Show finish time (ETA time) for current print.", "license": "AGPLv3", "author": "Pablo Ventura", "image": "https://plugins.octoprint.org/assets/img/plugins/octoprint_eta/screenshot.png", "title": "OctoPrint-Display-ETA", "id": "octoprint-eta", "published": "2017-12-19 00:00:00 +0000", "compatibility": {"python": ">=2.7,<3", "octoprint": ["1.3.6"], "os": ["linux", "windows", "macos", "freebsd"]}, "homepage": "https://github.com/pablogventura/Octoprint-ETA", "archive": "https://github.com/pablogventura/Octoprint-ETA/archive/master.zip", "page": "https://plugins.octoprint.org/plugins/octoprint-eta/"}, {"description": "Lets you add custom G-code command buttons to OctoPrint's Terminal view tab", "license": "AGPLv3", "author": "ieatacid", "image": "https://plugins.octoprint.org/assets/img/plugins/TerminalCommands/terminal_tab.png", "title": "OctoPrint-TerminalCommands", "id": "TerminalCommands", "published": "2017-12-31 00:00:00 +0000", "compatibility": {"python": ">=2.7,<3", "octoprint": ["1.2.0"], "os": ["linux", "windows", "macos", "freebsd"]}, "homepage": "https://github.com/ieatacid/OctoPrint-TerminalCommands", "archive": "https://github.com/ieatacid/OctoPrint-TerminalCommands/archive/master.zip", "page": "https://plugins.octoprint.org/plugins/TerminalCommands/"}, {"description": "Flash pre-compiled firmware images from OctoPrint", "license": "AGPLv3", "author": "Gina H\u00e4u\u00dfge and Ben Lye, based on work by Nicanor Romero Venier", "image": "https://plugins.octoprint.org/assets/img/plugins/firmwareupdater/firmware-updater.png", "title": "Firmware Updater", "id": "firmwareupdater", "published": "2018-01-15 00:00:00 +0000", "compatibility": {"python": ">=2.7,<3", "octoprint": [], "os": []}, "homepage": "https://github.com/OctoPrint/OctoPrint-FirmwareUpdater", "archive": "https://github.com/OctoPrint/OctoPrint-FirmwareUpdater/archive/master.zip", "page": "https://plugins.octoprint.org/plugins/firmwareupdater/"}, {"description": "A plugin to update the built-in progress bar on your printer's LCD.", "license": "AGPLv3", "author": "Cesar Vandevelde", "image": "https://plugins.octoprint.org/assets/img/plugins/m73progress/m73progress.jpg", "title": "M73 Progress", "id": "m73progress", "published": "2018-01-16 00:00:00 +0000", "compatibility": {"python": ">=2.7,<3", "octoprint": [], "os": []}, "homepage": "https://github.com/cesarvandevelde/OctoPrint-M73Progress", "archive": "https://github.com/cesarvandevelde/OctoPrint-M73Progress/archive/master.zip", "page": "https://plugins.octoprint.org/plugins/m73progress/"}, {"description": "Moves the webcam stream from the controls into its own tab", "license": "AGPLv3", "author": "Sven Lohrmann", "title": "WebcamTab", "id": "webcamtab", "published": "2018-01-16 00:00:00 +0000", "compatibility": {"python": ">=2.7,<3", "octoprint": ["1.3.5"], "os": []}, "homepage": "https://github.com/malnvenshorn/OctoPrint-WebcamTab", "archive": "https://github.com/malnvenshorn/OctoPrint-WebcamTab/archive/master.zip", "page": "https://plugins.octoprint.org/plugins/webcamtab/"}, {"description": "Make the navbar float/stick to the top of the page.", "license": "AGPLv3", "author": "jneilliii", "image": "https://plugins.octoprint.org/assets/img/plugins/floatingnavbar/screenshot.png", "title": "OctoPrint-FloatingNavbar", "id": "floatingnavbar", "published": "2018-01-17 00:00:00 +0000", "compatibility": {"python": ">=2.7,<3", "octoprint": [], "os": []}, "homepage": "https://github.com/jneilliii/OctoPrint-FloatingNavbar", "archive": "https://github.com/jneilliii/OctoPrint-FloatingNavbar/archive/master.zip", "page": "https://plugins.octoprint.org/plugins/floatingnavbar/"}, {"description": "Add buttons to navbar to publish messages to MQTT server.", "license": "AGPLv3", "author": "jneilliii", "image": "https://plugins.octoprint.org/assets/img/plugins/mqttpublish/navbar.png", "title": "OctoPrint-MQTTPublish", "id": "mqttpublish", "published": "2018-01-17 00:00:00 +0000", "compatibility": {"python": ">=2.7,<3", "octoprint": [], "os": []}, "homepage": "https://github.com/jneilliii/OctoPrint-MQTTPublish", "archive": "https://github.com/jneilliii/OctoPrint-MQTTPublish/archive/master.zip", "page": "https://plugins.octoprint.org/plugins/mqttpublish/"}, {"description": "Plugin to control Tasmota devices via MQTT protocol.", "license": "AGPLv3", "author": "jneilliii", "image": "https://plugins.octoprint.org/assets/img/plugins/tasmota_mqtt/navbar.png", "title": "OctoPrint-TasmotaMQTT", "id": "tasmota_mqtt", "published": "2018-01-17 00:00:00 +0000", "compatibility": {"python": ">=2.7,<3", "octoprint": [], "os": []}, "homepage": "https://github.com/jneilliii/OctoPrint-TasmotaMQTT", "archive": "https://github.com/jneilliii/OctoPrint-TasmotaMQTT/archive/master.zip", "page": "https://plugins.octoprint.org/plugins/tasmota_mqtt/"}, {"description": "Plugin to speak aloud M117 gcode messages via the web ui.", "license": "AGPLv3", "author": "jneilliii", "image": "https://plugins.octoprint.org/assets/img/plugins/M117SpeechSynthesis/settings.png", "title": "OctoPrint-M117SpeechSynthesis", "id": "M117SpeechSynthesis", "published": "2018-01-18 00:00:00 +0000", "compatibility": {"python": ">=2.7,<3", "octoprint": [], "os": []}, "homepage": "https://github.com/jneilliii/OctoPrint-M117SpeechSynthesis", "archive": "https://github.com/jneilliii/OctoPrint-M117SpeechSynthesis/archive/master.zip", "page": "https://plugins.octoprint.org/plugins/M117SpeechSynthesis/"}, {"description": "Simple plugin to allow the ordering of tabs within OctoPrint.", "license": "AGPLv3", "author": "jneilliii", "image": "https://plugins.octoprint.org/assets/img/plugins/taborder/settings.png", "title": "OctoPrint-TabOrder", "id": "taborder", "published": "2018-01-22 00:00:00 +0000", "compatibility": {"python": ">=2.7,<3", "octoprint": ["1.2.0"], "os": ["linux", "windows", "macos", "freebsd"]}, "homepage": "https://github.com/jneilliii/OctoPrint-TabOrder", "archive": "https://github.com/jneilliii/OctoPrint-TabOrder/archive/master.zip", "page": "https://plugins.octoprint.org/plugins/taborder/"}, {"follow_dependency_links": true, "description": "Software support for the ATXPiHat", "license": "Creative Commons", "title": "ATXPiHat", "image": "https://plugins.octoprint.org/assets/img/plugins/atxpihat/screenshot2.png", "author": "Brian Anichowski", "id": "atxpihat", "published": "2018-01-25 00:00:00 +0000", "compatibility": {"python": ">=2.7,<3", "octoprint": ["1.3.6"], "os": ["linux"]}, "homepage": "https://www.baprojectworkshop.com", "archive": "https://github.com/banichow/OctoPrint-Atxpihat/archive/master.zip", "page": "https://plugins.octoprint.org/plugins/atxpihat/"}, {"description": "Control ESPurna RGB LED device wirelessly", "license": "AGPLv3", "author": "Imon Daneshmand", "image": "https://plugins.octoprint.org/assets/img/plugins/ESPurna_RGB/screenshot1.png", "title": "ESPurna RGB", "id": "ESPurna_RGB", "published": "2018-01-30 00:00:00 +0000", "compatibility": {"python": ">=2.7,<3", "octoprint": ["1.3.1"], "os": []}, "homepage": "https://github.com/pokeimon/OctoPrint-ESPurnaRGB", "archive": "https://github.com/pokeimon/OctoPrint-ESPurnaRGB/archive/master.zip", "page": "https://plugins.octoprint.org/plugins/ESPurna_RGB/"}, {"description": "Fixes connection issues with Malyan/Monoprice printers", "license": "AGPLv3", "author": "Gina H\u00e4u\u00dfge", "title": "Malyan/Monoprice Connection Fix", "id": "malyan_connection_fix", "published": "2018-02-07 00:00:00 +0000", "compatibility": {"python": ">=2.7,<3", "octoprint": ["1.3.6"], "os": ["linux", "macos", "freebsd"]}, "homepage": "https://github.com/OctoPrint/OctoPrint-MalyanConnectionFix", "archive": "https://github.com/OctoPrint/OctoPrint-MalyanConnectionFix/archive/master.zip", "page": "https://plugins.octoprint.org/plugins/malyan_connection_fix/"}, {"description": "Adds CR-10 leveling buttons to the controls tab", "license": "AGPLv3", "author": "electr0sheep", "image": "https://plugins.octoprint.org/assets/img/plugins/CR10Leveling/control.png", "title": "CR-10 Leveling", "id": "CR10_Leveling", "published": "2018-02-26 00:00:00 +0000", "compatibility": {"python": ">=2.7,<3", "octoprint": [], "os": []}, "homepage": "https://github.com/electr0sheep/OctoPrint-Cr10_leveling", "archive": "https://github.com/electr0sheep/OctoPrint-Cr10_leveling/archive/master.zip", "page": "https://plugins.octoprint.org/plugins/CR10_Leveling/"}, {"description": "Discord plugin for OctoPrint", "license": "MIT", "author": "Benjamin Chanudet", "image": "https://plugins.octoprint.org/assets/img/plugins/octorant/featured.jpg", "title": "OctoPrint-Octorant", "id": "octorant", "published": "2018-03-11 00:00:00 +0000", "compatibility": {"python": ">=2.7,<3", "octoprint": [], "os": []}, "homepage": "https://github.com/bchanudet/OctoPrint-Octorant", "archive": "https://github.com/bchanudet/OctoPrint-Octorant/archive/master.zip", "page": "https://plugins.octoprint.org/plugins/octorant/"}, {"description": "Create a stabilized timelapse of your 3D prints.  Highly customizable, loads of presets, lots of fun.  Requires OctoPrint 1.3.9 or higher.", "license": "AGPL-3.0", "author": "Brad Hochgesang", "image": "https://plugins.octoprint.org/assets/img/plugins/octolapse/tab_mini.png", "title": "Octolapse", "id": "octolapse", "published": "2018-03-24 00:00:00 +0000", "compatibility": {"python": ">=2.7,<3", "octoprint": ["1.3.9"], "os": ["linux", "windows", "macos", "freebsd"]}, "homepage": "https://formerlurker.github.io/Octolapse/", "archive": "https://github.com/FormerLurker/Octolapse/archive/v0.3.4.zip", "page": "https://plugins.octoprint.org/plugins/octolapse/"}, {"description": "Displays the current processing layer and the percentage in \"Printer-Display\" and in top \"NavBar\"", "license": "AGPLv3", "author": "Olli", "image": "https://github.com/OllisGit/OctoPrint-DisplayLayerProgress/raw/master/screenshots/navbar.jpg", "title": "DisplayLayerProgress", "id": "DisplayLayerProgress", "published": "2018-04-09 00:00:00 +0000", "compatibility": {"python": ">=2.7,<3", "octoprint": [], "os": []}, "homepage": "https://github.com/OllisGit/OctoPrint-DisplayLayerProgress", "archive": "https://github.com/OllisGit/OctoPrint-DisplayLayerProgress/archive/master.zip", "page": "https://plugins.octoprint.org/plugins/DisplayLayerProgress/"}, {"description": "Displays 3D mesh of bed topography report.", "license": "MIT License", "author": "jneilliii", "image": "https://plugins.octoprint.org/assets/img/plugins/bedlevelvisualizer/screenshot.png", "title": "Bed Level Visualizer", "id": "bedlevelvisualizer", "published": "2018-04-14 00:00:00 +0000", "compatibility": {"python": ">=2.7,<3", "octoprint": ["1.2.0"], "os": ["linux", "windows", "macos", "freebsd"]}, "homepage": "https://github.com/jneilliii/OctoPrint-BedLevelVisualizer/", "archive": "https://github.com/jneilliii/OctoPrint-BedLevelVisualizer/archive/master.zip", "page": "https://plugins.octoprint.org/plugins/bedlevelvisualizer/"}, {"description": "Deletes automaticaly the Print-Model", "license": "AGPLv3", "author": "Olli", "image": "https://raw.githubusercontent.com/OllisGit/OctoPrint-DeleteAfterPrint/master/screenshots/sidebar.jpg", "title": "DeleteAfterPrint", "id": "DeleteAfterPrint", "published": "2018-04-20 00:00:00 +0000", "compatibility": {"python": ">=2.7,<3", "octoprint": [], "os": []}, "homepage": "https://github.com/OllisGit/OctoPrint-DeleteAfterPrint", "archive": "https://github.com/OllisGit/OctoPrint-DeleteAfterPrint/archive/master.zip", "page": "https://plugins.octoprint.org/plugins/DeleteAfterPrint/"}, {"description": "Orange Pi temperature in the navbar.", "license": "AGPLv3", "author": "hashashin", "image": "https://plugins.octoprint.org/assets/img/plugins/opitemp/opitemp.png", "title": "OpiTemp", "id": "opitemp", "published": "2018-04-23 00:00:00 +0000", "compatibility": {"python": ">=2.7,<3", "octoprint": ["1.3.8"], "os": ["linux"]}, "homepage": "https://github.com/hashashin/OctoPrint-OpiTemp", "archive": "https://github.com/hashashin/OctoPrint-OpiTemp/archive/master.zip", "page": "https://plugins.octoprint.org/plugins/opitemp/"}, {"description": "Simple plugin to display the ip address of connected OctoPrint instance on the control panel using M117 command.", "license": "AGPLv3", "author": "jneilliii", "image": "https://plugins.octoprint.org/assets/img/plugins/ipOnConnect/screenshot.jpg", "title": "OctoPrint-ipOnConnect", "id": "ipOnConnect", "published": "2018-05-04 00:00:00 +0000", "compatibility": {"python": ">=2.7,<3", "octoprint": [], "os": []}, "homepage": "https://github.com/jneilliii/OctoPrint-ipOnConnect", "archive": "https://github.com/jneilliii/OctoPrint-ipOnConnect/archive/master.zip", "page": "https://plugins.octoprint.org/plugins/ipOnConnect/"}, {"description": "Extends the Control tab of OctoPrint, allowing the ability to switch between multiple webcam feeds.", "license": "AGPLv3", "author": "Michael Morris", "title": "MultiCam", "id": "multicam", "published": "2018-05-09 00:00:00 +0000", "compatibility": {"python": ">=2.7,<3", "octoprint": [], "os": []}, "homepage": "https://github.com/mikedmor/OctoPrint_MultiCam", "archive": "https://github.com/mikedmor/OctoPrint_MultiCam/archive/master.zip", "page": "https://plugins.octoprint.org/plugins/multicam/"}, {"description": "Automatically upload rendered timelapses to Dropbox. Can also delete after upload to save space on the Raspberry Pi SD Card.", "license": "AGPLv3", "author": "Justin Slay", "title": "OctoPrint-Dropbox-Timelapse", "id": "dropbox_timelapse", "published": "2018-05-10 00:00:00 +0000", "compatibility": {"python": ">=2.7,<3", "octoprint": [], "os": []}, "homepage": "https://github.com/jslay88/OctoPrint-Dropbox-Timelapse", "archive": "https://github.com/jslay88/OctoPrint-Dropbox-Timelapse/archive/master.zip", "page": "https://plugins.octoprint.org/plugins/dropbox_timelapse/"}, {"description": "Discord bot for OctoPrint", "license": "MIT", "author": "Cameron Cross, originally by Benjamin Chanudet", "image": "https://plugins.octoprint.org/assets/img/DiscordRemote/featured.jpg", "title": "OctoPrint-DiscordRemote", "id": "DiscordRemote", "published": "2018-06-04 00:00:00 +0000", "compatibility": {"python": ">=2.7,<3", "octoprint": [], "os": []}, "homepage": "https://github.com/cameroncros/OctoPrint-DiscordRemote", "archive": "https://github.com/cameroncros/OctoPrint-DiscordRemote/archive/master.zip", "page": "https://plugins.octoprint.org/plugins/DiscordRemote/"}, {"description": "Authentication via Booked Scheduler", "license": "AGPLv3", "author": "Luca Zimmermann", "title": "Auth Booked Scheduler", "id": "auth_bookedscheduler", "published": "2018-06-05 00:00:00 +0000", "compatibility": {"python": ">=2.7,<3", "octoprint": ["1.3.0"], "os": []}, "homepage": "https://github.com/soundstorm/OctoPrint-BookedScheduler", "archive": "https://github.com/soundstorm/OctoPrint-BookedScheduler/archive/master.zip", "page": "https://plugins.octoprint.org/plugins/auth_bookedscheduler/"}, {"description": "Plugin to display temperature graph in the side bar.", "license": "AGPLv3", "author": "jneilliii", "image": "https://plugins.octoprint.org/assets/img/plugins/sidebartempgraph/screenshot.png", "title": "OctoPrint-SideBarTempGraph", "id": "sidebartempgraph", "published": "2018-06-05 00:00:00 +0000", "compatibility": {"python": ">=2.7,<3", "octoprint": [], "os": []}, "homepage": "https://github.com/jneilliii/OctoPrint-SideBarTempGraph", "archive": "https://github.com/jneilliii/OctoPrint-SideBarTempGraph/archive/master.zip", "page": "https://plugins.octoprint.org/plugins/sidebartempgraph/"}, {"description": "Cancel single objects during a print based on gcode comment lines", "license": "AGPLv3", "author": "Paul Paukstelis", "image": "https://plugins.octoprint.org/assets/img/plugins/cancelobject/cancelobject.png", "title": "OctoPrint-Cancelobject", "id": "cancelobject", "published": "2018-06-08 00:00:00 +0000", "compatibility": {"python": ">=2.7,<3", "octoprint": [], "os": []}, "homepage": "https://github.com/paukstelis/OctoPrint-Cancelobject", "archive": "https://github.com/paukstelis/OctoPrint-Cancelobject/archive/master.zip", "page": "https://plugins.octoprint.org/plugins/cancelobject/"}, {"description": "Plugin for shutdown printer after finishing a print job", "license": "AGPLv3", "author": "devildant", "image": "https://plugins.octoprint.org/assets/img/plugins/shutdownprinter/sidebar.JPG", "title": "ShutdownPrinter", "id": "shutdownprinter", "published": "2018-06-18 00:00:00 +0000", "compatibility": {"python": ">=2.7,<3", "octoprint": [], "os": []}, "homepage": "https://github.com/devildant/OctoPrint-ShutdownPrinter", "archive": "https://github.com/devildant/OctoPrint-ShutdownPrinter/archive/master.zip", "page": "https://plugins.octoprint.org/plugins/shutdownprinter/"}, {"description": "Adds the ability to prevent printing within rectangular or circular regions of the currently active gcode file", "license": "AGPLv3", "author": "Brad Fisher", "image": "https://plugins.octoprint.org/assets/img/plugins/excluderegion/excluderegion-gcode-viewer.png", "title": "Exclude Region", "id": "excluderegion", "published": "2018-07-05 00:00:00 +0000", "compatibility": {"python": ">=2.7,<3", "octoprint": ["1.3.8"], "os": []}, "homepage": "https://github.com/bradcfisher/OctoPrint-ExcludeRegionPlugin", "archive": "https://github.com/bradcfisher/OctoPrint-ExcludeRegionPlugin/archive/master.zip", "page": "https://plugins.octoprint.org/plugins/excluderegion/"}, {"description": "uses data put in to g-code by gcodestat to estimate time to finish print", "license": "unlicence", "author": "Bogdan Kecman", "title": "GcodeStat Estimator", "id": "gcodestatEstimator", "published": "2018-07-05 00:00:00 +0000", "compatibility": {"python": ">=2.7,<3", "octoprint": ["1.3.9"], "os": []}, "homepage": "https://github.com/arhi/OctoPrint-gcodestatEstimator", "archive": "https://github.com/arhi/OctoPrint-gcodestatEstimator/archive/master.zip", "page": "https://plugins.octoprint.org/plugins/gcodestatEstimator/"}, {"description": "Simple plugin to control light switches via Domoticz server.", "license": "AGPLv3", "author": "jneilliii", "image": "https://plugins.octoprint.org/assets/img/plugins/domoticz/screenshot.png", "title": "OctoPrint-Domoticz", "id": "domoticz", "published": "2018-07-07 00:00:00 +0000", "compatibility": {"python": ">=2.7,<3", "octoprint": ["1.2.0"], "os": ["linux", "windows", "macos", "freebsd"]}, "homepage": "https://github.com/jneilliii/OctoPrint-Domoticz", "archive": "https://github.com/jneilliii/OctoPrint-Domoticz/archive/master.zip", "page": "https://plugins.octoprint.org/plugins/domoticz/"}, {"description": "Use a gcode pre-analysis to provide better print time estimation", "license": "AGPLv3", "author": "Eyal", "image": "https://plugins.octoprint.org/assets/img/plugins/PrintTimeGenius/precise.png", "title": "OctoPrint-PrintTimeGenius", "id": "PrintTimeGenius", "published": "2018-07-12 00:00:00 +0000", "compatibility": {"python": ">=2.7,<3", "octoprint": ["1.3.9rc1"], "os": []}, "homepage": "https://github.com/eyal0/OctoPrint-PrintTimeGenius", "archive": "https://github.com/eyal0/OctoPrint-PrintTimeGenius/archive/master.zip", "page": "https://plugins.octoprint.org/plugins/PrintTimeGenius/"}, {"description": "Displays the current layer and total layers for a print job.", "license": "AGPLv3", "author": "Matt Thompson", "image": "https://plugins.octoprint.org/assets/img/plugins/layerdisplay/layerdisplay.png", "title": "LayerDisplay", "id": "layerdisplay", "published": "2018-07-15 00:00:00 +0000", "compatibility": {"python": ">=2.7,<3", "octoprint": [], "os": []}, "homepage": "https://github.com/chatrat12/layerdisplay", "archive": "https://github.com/chatrat12/layerdisplay/archive/master.zip", "page": "https://plugins.octoprint.org/plugins/layerdisplay/"}, {"description": "Plugin to aid in the process of manually leveling your bed.", "license": "AGPLv3", "author": "jneilliii", "title": "OctoPrint-BedLevelingWizard", "id": "bedlevelingwizard", "published": "2018-07-16 00:00:00 +0000", "compatibility": {"python": ">=2.7,<3", "octoprint": [], "os": []}, "homepage": "https://github.com/jneilliii/OctoPrint-BedLevelingWizard", "archive": "https://github.com/jneilliii/OctoPrint-BedLevelingWizard/archive/master.zip", "page": "https://plugins.octoprint.org/plugins/bedlevelingwizard/"}, {"description": "Plugin that monitors and stores the state of sidebar collapsed panels and restores that state upon next visit to OctoPrint.", "license": "AGPLv3", "author": "jneilliii", "title": "Stateful Sidebar", "id": "statefulsidebar", "published": "2018-07-16 00:00:00 +0000", "compatibility": {"python": ">=2.7,<3", "octoprint": [], "os": []}, "homepage": "https://github.com/jneilliii/OctoPrint-StatefulSidebar", "archive": "https://github.com/jneilliii/OctoPrint-StatefulSidebar/archive/master.zip", "page": "https://plugins.octoprint.org/plugins/statefulsidebar/"}, {"description": "Allow uploading multiple files at once", "license": "AGPLv3", "author": "Eyal", "image": "https://plugins.octoprint.org/assets/img/plugins/MultipleUpload/open_files.png", "title": "OctoPrint-MultipleUpload", "id": "MultipleUpload", "published": "2018-07-17 00:00:00 +0000", "compatibility": {"python": ">=2.7,<3", "octoprint": [], "os": []}, "homepage": "https://github.com/eyal0/OctoPrint-MultipleUpload", "archive": "https://github.com/eyal0/OctoPrint-MultipleUpload/archive/master.zip", "page": "https://plugins.octoprint.org/plugins/MultipleUpload/"}, {"description": "Plugin that reencodes the mjpg stream provided by octopi/mjpgstreamer/yawcam and posts to any RTMP stream server (ie Twitch) and adds a tab that will allow for wathing configured stream assuming there is a webpage url that allows that type of connection.", "license": "AGPLv3", "author": "jneilliii", "image": "https://plugins.octoprint.org/assets/img/plugins/rtmpstreamer/tab_screenshot.jpg", "title": "OctoPrint-RTMPStreamer", "id": "rtmpstreamer", "published": "2018-08-13 00:00:00 +0000", "compatibility": {"python": ">=2.7,<3", "octoprint": [], "os": []}, "homepage": "https://github.com/jneilliii/OctoPrint-RTMPStreamer", "archive": "https://github.com/jneilliii/OctoPrint-RTMPStreamer/archive/master.zip", "page": "https://plugins.octoprint.org/plugins/rtmpstreamer/"}, {"description": "A plugin for a better integration of Klipper into OctoPrint.", "license": "AGPLv3", "author": "Martin M\u00fchlh\u00e4user", "image": "https://plugins.octoprint.org/assets/img/plugins/klipper/message-log.png", "title": "OctoKlipper", "id": "klipper", "published": "2018-08-21 00:00:00 +0000", "compatibility": {"python": ">=2.7,<3", "octoprint": ["1.3.8"], "os": []}, "homepage": "https://github.com/mmone/OctoprintKlipperPlugin", "archive": "https://github.com/mmone/OctoPrintKlipper/archive/master.zip", "page": "https://plugins.octoprint.org/plugins/klipper/"}, {"description": "A filament monitor that pauses the print when your filament runs out and lets you restart it.", "license": "GPLv3", "author": "Red_M", "title": "Filament Sensor NG", "id": "filament_sensor_ng", "published": "2018-09-17 00:00:00 +0000", "compatibility": {"python": ">=2.7,<3", "octoprint": ["1.3.9"], "os": ["linux", "freebsd"]}, "homepage": "https://github.com/Red-M/Octoprint-Filament-Reloaded", "archive": "https://github.com/Red-M/Octoprint-Filament-Reloaded/archive/master.zip", "page": "https://plugins.octoprint.org/plugins/filament_sensor_ng/"}, {"description": "Replace file based progression by time based progression", "license": "AGPLv3", "author": "Celogeek", "title": "OctoPrint-ProgressBasedOnTime", "id": "ProgressBasedOnTime", "published": "2018-09-18 00:00:00 +0000", "compatibility": {"python": ">=2.7,<3", "octoprint": ["1.3.9"], "os": ["linux", "windows", "macos", "freebsd"]}, "homepage": "https://github.com/celogeek/OctoPrint-ProgressBasedOnTime", "archive": "https://github.com/celogeek/OctoPrint-ProgressBasedOnTime/archive/master.zip", "page": "https://plugins.octoprint.org/plugins/ProgressBasedOnTime/"}, {"description": "Plugin that overrides OctoPrint ETA to values from last M73 gcode sent to the printer", "license": "AGPLv3", "author": "Jakub Furman", "title": "M73 ETA Override", "id": "m73etaoverride", "published": "2018-09-18 00:00:00 +0000", "compatibility": {"python": ">=2.7,<3", "octoprint": [], "os": []}, "homepage": "https://github.com/sysadminsh/OctoPrint-M73ETAOverride", "archive": "https://github.com/sysadminsh/OctoPrint-M73ETAOverride/archive/master.zip", "page": "https://plugins.octoprint.org/plugins/m73etaoverride/"}, {"description": "Plugin to control Belkin Wemo devices from OctoPrint web interface.", "license": "AGPLv3", "author": "jneilliii", "image": "https://plugins.octoprint.org/assets/img/plugins/wemoswitch/screenshot_on.png", "title": "OctoPrint-WemoSwitch", "id": "wemoswitch", "published": "2018-09-18 00:00:00 +0000", "compatibility": {"python": ">=2.7,<3", "octoprint": [], "os": []}, "homepage": "https://github.com/jneilliii/OctoPrint-WemoSwitch", "archive": "https://github.com/jneilliii/OctoPrint-WemoSwitch/archive/master.zip", "page": "https://plugins.octoprint.org/plugins/wemoswitch/"}, {"description": "Help build the Project Kronos print-failure autodetection neural network", "license": "AGPLv3", "author": "Jacob Paniagua", "title": "Project Kronos Data Collector", "id": "kronos_data_collector", "published": "2018-09-26 00:00:00 +0000", "compatibility": {"python": ">=2.7,<3", "octoprint": [], "os": []}, "homepage": "https://github.com/MrBreadWater/project-kronos-data-collector", "archive": "https://github.com/MrBreadWater/project-kronos-data-collector/archive/master.zip", "page": "https://plugins.octoprint.org/plugins/kronos_data_collector/"}, {"description": "A quick Autoremote/Tasker plugin for OctoPrint", "license": "AGPLv3", "author": "Craig Trunzo", "image": "https://plugins.octoprint.org/assets/img/plugins/OctoAutoremote/settings.png", "title": "OctoPrint_AutoRemote", "id": "OctoAutoremote", "published": "2018-09-28 00:00:00 +0000", "compatibility": {"python": ">=2.7,<3", "octoprint": [], "os": []}, "homepage": "https://github.com/trunzoc/Octoprint_AutoRemote", "archive": "https://github.com/trunzoc/Octoprint_Autoremote/archive/master.zip", "page": "https://plugins.octoprint.org/plugins/OctoAutoremote/"}, {"description": "Use a github repository for keeping your OctoPrint Files collection up-to-date.", "license": "MIT", "author": "OutsourcedGuru", "image": "https://user-images.githubusercontent.com/15971213/45835939-45777700-bcc0-11e8-80c6-2bc31e08f3ec.png", "title": "OctoPrint-GitFiles", "id": "gitfiles", "published": "2018-09-29 00:00:00 +0000", "compatibility": {"python": ">=2.7,<3", "octoprint": ["1.3.9"], "os": ["linux", "macos", "freebsd"]}, "homepage": "https://github.com/OutsourcedGuru/OctoPrint-GitFiles", "archive": "https://github.com/OutsourcedGuru/OctoPrint-GitFiles/archive/master.zip", "page": "https://plugins.octoprint.org/plugins/gitfiles/"}, {"description": "Octoprint plugin for print completion notifications using Nexmo SMS gateway", "license": "AGPLv3", "author": "Gert Kjerslev", "image": "url of a featured image for your plugin, /assets/img/...", "title": "OctoPrint-Nexmonotifier", "id": "nexmonotifier", "published": "2018-10-02 00:00:00 +0000", "compatibility": {"python": ">=2.7,<3", "octoprint": ["1.2.0"], "os": ["linux", "windows", "macos", "freebsd"]}, "homepage": "https://github.com/gfk76/OctoPrint-Nexmonotifier", "archive": "https://github.com/gfk76/OctoPrint-Nexmonotifier/archive/master.zip", "page": "https://plugins.octoprint.org/plugins/nexmonotifier/"}, {"description": "Marlin auto bed leveling control, mesh correction, and z probe handling", "license": "AGPLv3", "author": "razer", "title": "Auto bed leveling expert", "id": "ABL_Expert", "published": "2018-10-04 00:00:00 +0000", "compatibility": {"python": ">=2.7,<3", "octoprint": ["1.3.9"], "os": ["linux", "freebsd"]}, "homepage": "https://framagit.org/razer/Octoprint_ABL_Expert", "archive": "https://framagit.org/razer/Octoprint_ABL_Expert/-/archive/master/Octoprint_ABL_Expert-master.zip", "page": "https://plugins.octoprint.org/plugins/ABL_Expert/"}, {"description": "Plugin to control Tuya based Smartplug devices from OctoPrint web interface.", "license": "AGPLv3", "author": "ziirish", "image": "https://plugins.octoprint.org/assets/img/plugins/TuyaSmartplug/screenshot.png", "title": "OctoPrint-TuyaSmartplug", "id": "tuyasmartplug", "published": "2018-11-12 00:00:00 +0000", "compatibility": {"python": ">=2.7,<3", "octoprint": [], "os": []}, "homepage": "https://github.com/ziirish/OctoPrint-TuyaSmartplug", "archive": "https://github.com/ziirish/OctoPrint-TuyaSmartplug/archive/master.zip", "page": "https://plugins.octoprint.org/plugins/tuyasmartplug/"}, {"description": "Makes the enabled terminal filters persistent between browser reloads and from different connecting clients.", "license": "AGPLv3", "author": "jneilliii", "title": "Active Filters Extended", "id": "active_filters_extended", "published": "2018-11-17 00:00:00 +0000", "compatibility": {"python": ">=2.7,<3", "octoprint": ["1.2.6"], "os": []}, "homepage": "https://github.com/jneilliii/OctoPrint-ActiveFiltersExtended", "archive": "https://github.com/jneilliii/OctoPrint-ActiveFiltersExtended/archive/master.zip", "page": "https://plugins.octoprint.org/plugins/active_filters_extended/"}, {"description": "Plugin that allows the re-ordering of navbar, sidebar, and tabs by dragging them into desired location within the UI.", "license": "AGPLv3", "author": "jneilliii", "title": "OctoPrint-DragonOrder", "id": "dragon_order", "published": "2018-11-18 00:00:00 +0000", "compatibility": {"python": ">=2.7,<3", "octoprint": [], "os": []}, "homepage": "https://github.com/jneilliii/OctoPrint-DragonOrder", "archive": "https://github.com/jneilliii/OctoPrint-DragonOrder/archive/master.zip", "page": "https://plugins.octoprint.org/plugins/dragon_order/"}, {"description": "Print completion notifications using Signal. Requires signal-cli.", "license": "AGPLv3", "author": "Andrew Erickson", "image": "https://plugins.octoprint.org/assets/img/plugins/signalnotifier/signalnotifier.png", "title": "OctoPrint_Signal-Notifier", "id": "signalnotifier", "published": "2018-12-04 00:00:00 +0000", "compatibility": {"python": ">=2.7,<3", "octoprint": ["1.2.0"], "os": []}, "homepage": "https://github.com/aerickson/OctoPrint_Signal-Notifier", "archive": "https://github.com/aerickson/OctoPrint_Signal-Notifier/archive/master.zip", "page": "https://plugins.octoprint.org/plugins/signalnotifier/"}, {"description": "Plugin to integrate with MyMiniFactory and enable click and print functionality.", "license": "AGPLv3", "author": "jneilliii", "image": "https://plugins.octoprint.org/assets/img/plugins/MyMiniFactory/myminifactory_logo_128.png", "title": "OctoPrint-MyMiniFactory", "id": "MyMiniFactory", "published": "2018-12-11 00:00:00 +0000", "compatibility": {"python": ">=2.7,<3", "octoprint": ["1.2.0"], "os": []}, "homepage": "https://github.com/jneilliii/OctoPrint-MyMiniFactory", "archive": "https://github.com/jneilliii/OctoPrint-MyMiniFactory/archive/master.zip", "page": "https://plugins.octoprint.org/plugins/MyMiniFactory/"}, {"description": "Plugin to analyze gcode for slicer settings comments and add additional metadata of such settings.", "license": "AGPLv3", "author": "T6", "title": "OctoPrint-SlicerSettingsParser", "id": "SlicerSettingsParser", "published": "2018-12-22 00:00:00 +0000", "compatibility": {"python": ">=2.7,<3", "octoprint": [], "os": []}, "homepage": "https://github.com/tjjfvi/OctoPrint-SlicerSettingsParser", "archive": "https://github.com/tjjfvi/OctoPrint-SlicerSettingsParser/archive/master.zip", "page": "https://plugins.octoprint.org/plugins/SlicerSettingsParser/"}, {"description": "Adds tab which displays slicer settings of selected gcode file.", "license": "AGPLv3", "author": "T6", "image": "https://plugins.octoprint.org/assets/img/plugins/SlicerSettingsTab/main.png", "title": "OctoPrint-SlicerSettingsTab", "id": "SlicerSettingsTab", "published": "2018-12-22 00:00:00 +0000", "compatibility": {"python": ">=2.7,<3", "octoprint": ["1.3.10"], "os": ["linux", "freebsd"]}, "homepage": "https://github.com/tjjfvi/OctoPrint-SlicerSettingsTab", "archive": "https://github.com/tjjfvi/OctoPrint-SlicerSettingsTab/archive/master.zip", "page": "https://plugins.octoprint.org/plugins/SlicerSettingsTab/"}, {"description": "Connects OctoPrint events to IFTTT", "license": "AGPLv3", "author": "T6", "title": "OctoPrint-IFTTT", "id": "IFTTT", "published": "2018-12-29 00:00:00 +0000", "compatibility": {"python": ">=2.7,<3", "octoprint": [], "os": []}, "homepage": "https://github.com/tjjfvi/OctoPrint-IFTTT", "archive": "https://github.com/tjjfvi/OctoPrint-IFTTT/archive/master.zip", "page": "https://plugins.octoprint.org/plugins/IFTTT/"}, {"description": "Turns off heaters after specified time being on and unused", "license": "AGPLv3", "author": "T6", "image": "https://plugins.octoprint.org/assets/img/plugins/BetterHeaterTimeout/timedout.png", "title": "OctoPrint-BetterHeaterTimeout", "id": "BetterHeaterTimeout", "published": "2019-01-02 00:00:00 +0000", "compatibility": {"python": ">=2.7,<3", "octoprint": [], "os": []}, "homepage": "https://github.com/tjjfvi/OctoPrint-BetterHeaterTimeout", "archive": "https://github.com/tjjfvi/OctoPrint-BetterHeaterTimeout/archive/master.zip", "page": "https://plugins.octoprint.org/plugins/BetterHeaterTimeout/"}, {"description": "This plug-in allows you to control a 16X2 lcd display (hd44780 connected to port I2C) to display the octoprint status. It is useful for people like me who have a printer without a display. It indicates on which port the printer is connected, the progress of printing. It also displays the remaining print time (thanks to a simple method). See https://github.com/n3bojs4/octoprint-LCD1602/blob/master/CHANGELOG.md for more details.", "license": "AGPLv3", "author": "n3bojs4", "image": "https://plugins.octoprint.org/assets/img/plugins/LCD1602_I2cdisplay/progress.jpg", "title": "octoprint-LCD1602", "id": "LCD1602_I2cdisplay", "published": "2019-01-28 00:00:00 +0000", "compatibility": {"python": ">=2.7,<3", "octoprint": ["1.3.10"], "os": ["linux", "windows", "macos", "freebsd"]}, "homepage": "https://github.com/n3bojs4/octoprint-LCD1602", "archive": "https://github.com/n3bojs4/OctoPrint-Lcd1602/archive/master.zip", "page": "https://plugins.octoprint.org/plugins/LCD1602_I2cdisplay/"}, {"description": "Plugin for true hardware PWM on the Raspberry Pi", "license": "AGPLv3", "author": "Dario Rostirolla", "image": "https://plugins.octoprint.org/assets/img/plugins/hardwarepwm/settingsPage.png", "title": "OctoPrint-Hardwarepwm", "id": "hardwarepwm", "published": "2019-02-08 00:00:00 +0000", "compatibility": {"python": ">=2.7,<3", "octoprint": ["1.2.0"], "os": ["linux"]}, "homepage": "https://github.com/pastapojken/OctoPrint-Hardwarepwm", "archive": "https://github.com/pastapojken/OctoPrint-Hardwarepwm/archive/master.zip", "page": "https://plugins.octoprint.org/plugins/hardwarepwm/"}, {"description": "Plugin that re-encodes the webcam and streams it to streaming sites like YouTube Live or Twitch.Tv", "license": "AGPLv3", "author": "Adi Linden", "image": "https://plugins.octoprint.org/assets/img/plugins/webcamstreamer/screenshot_tab.png", "title": "OctoPrint-WebcamStreamer", "id": "webcamstreamer", "published": "2019-02-08 00:00:00 +0000", "compatibility": {"python": ">=2.7,<3", "octoprint": [], "os": []}, "homepage": "https://github.com/adilinden-oss/octoprint-webcamstreamer", "archive": "https://github.com/adilinden-oss/octoprint-webcamstreamer/archive/master.zip", "page": "https://plugins.octoprint.org/plugins/webcamstreamer/"}, {"description": "A filament monitor that pauses the print when your filament runs out and lets you restart it.", "license": "GPLv3", "author": "Deadly667", "title": "FilamentSensor OrangePi", "id": "filament_sensor_ng_orangepi", "published": "2019-02-18 00:00:00 +0000", "compatibility": {"python": ">=2.7,<3", "octoprint": ["1.3.9"], "os": ["linux", "freebsd"]}, "homepage": "https://github.com/deadly667/Octoprint-Filament-Sensor-ng-OrangePi", "archive": "https://github.com/deadly667/Octoprint-Filament-Sensor-ng-OrangePi/archive/master.zip", "page": "https://plugins.octoprint.org/plugins/filament_sensor_ng_orangepi/"}, {"description": "Keep track of your printer and prints with some simple additions & customizability.", "license": "AGPLv3", "author": "ElectricSquid", "image": "https://plugins.octoprint.org/assets/img/plugins/printtrack/printtrack_title.png", "title": "OctoPrint-PrintTrack", "id": "printtrack", "published": "2019-02-25 00:00:00 +0000", "compatibility": {"python": ">=2.7,<3", "octoprint": ["1.2.0"], "os": ["linux", "windows", "macos", "freebsd"]}, "homepage": "https://github.com/ElectricSquid/OctoPrint-PrintTrack", "archive": "https://github.com/ElectricSquid/OctoPrint-PrintTrack/archive/master.zip", "page": "https://plugins.octoprint.org/plugins/printtrack/"}, {"description": "Adds RGB LED support to OctoPrint with the ability to choose colors and effects based on the current status of your printer", "license": "AGPLv3", "author": "Eric Higdon", "image": "https://plugins.octoprint.org/assets/img/plugins/rgb_status/featured.png", "title": "RGB Status", "id": "rgb_status", "published": "2019-02-27 00:00:00 +0000", "compatibility": {"python": ">=2.7,<3", "octoprint": [], "os": ["linux"]}, "homepage": "https://github.com/EricHigdon/OctoPrint-RGB_status", "archive": "https://github.com/EricHigdon/OctoPrint-RGB_status/archive/master.zip", "page": "https://plugins.octoprint.org/plugins/rgb_status/"}, {"description": "Event notifications using xMatters", "license": "AGPLv3", "author": "svv2014", "image": "https://plugins.octoprint.org/assets/img/plugins/xMattersIntegration/settings.png", "title": "xMatters Integration", "id": "xMattersIntegration", "published": "2019-03-04 00:00:00 +0000", "compatibility": {"python": ">=2.7,<3", "octoprint": ["1.2.0"], "os": []}, "homepage": "https://github.com/svv2014/OctoPrint-xMatters-integration", "archive": "https://github.com/svv2014/OctoPrint-Xmatters-integration/archive/master.zip", "page": "https://plugins.octoprint.org/plugins/xMattersIntegration/"}, {"description": "AI-based open source project for 3D printing failure detection.", "license": "AGPLv3", "author": "The Spaghetti Detective Team", "image": "https://plugins.octoprint.org/assets/img/plugins/thespaghettidetective_beta/video_preview1.png", "title": "The Spaghetti Detective (Beta)", "id": "thespaghettidetective_beta", "published": "2019-03-18 00:00:00 +0000", "compatibility": {"python": ">=2.7,<3", "octoprint": ["1.3.2"], "os": ["linux", "windows", "macos", "freebsd"]}, "homepage": "https://www.thespaghettidetective.com", "archive": "https://github.com/TheSpaghettiDetective/OctoPrint-TheSpaghettiDetective/archive/beta.zip", "page": "https://plugins.octoprint.org/plugins/thespaghettidetective_beta/"}, {"description": "Plugin for slicing via the legacy version of CuraEngine from within OctoPrint, unbundled from OctoPrint starting with version 1.3.11", "license": "AGPLv3", "author": "Gina H\u00e4u\u00dfge", "title": "CuraEngine Legacy", "id": "curalegacy", "published": "2019-03-28 00:00:00 +0000", "compatibility": {"python": ">=2.7,<3", "octoprint": [], "os": []}, "homepage": "https://github.com/OctoPrint/OctoPrint-CuraLegacy", "archive": "https://github.com/OctoPrint/OctoPrint-CuraLegacy/archive/master.zip", "page": "https://plugins.octoprint.org/plugins/curalegacy/"}, {"description": "Provides core functionality and UI integration for GRBL based engravers and CNC machines", "license": "Apache 2.0", "author": "Shell M. Shrader", "image": "https://plugins.octoprint.org/assets/img/plugins/bettergrblsupport/Grbl_logo.png", "title": "Better Grbl Support", "id": "bettergrblsupport", "published": "2019-04-01 00:00:00 +0000", "compatibility": {"python": ">=2.7,<3", "octoprint": ["1.3.10"], "os": []}, "homepage": "https://github.com/synman/OctoPrint-Bettergrblsupport", "archive": "https://github.com/synman/OctoPrint-Bettergrblsupport/archive/master.zip", "page": "https://plugins.octoprint.org/plugins/bettergrblsupport/"}, {"description": "Print without heating/extruding.", "license": "AGPLv3", "author": "Olli", "image": "dryrun-activated", "title": "DryRun", "id": "DryRun", "published": "2019-04-02 00:00:00 +0000", "compatibility": {"python": ">=2.7,<3", "octoprint": [], "os": []}, "homepage": "https://github.com/OllisGit/OctoPrint-DryRun", "archive": "https://github.com/OllisGit/OctoPrint-DryRun/archive/master.zip", "page": "https://plugins.octoprint.org/plugins/DryRun/"}, {"description": "Plugin that allows you to flash your printer to the latest Marlin (or any Arduino firmware) version", "license": "MIT", "author": "Renaud Gaspard", "image": "https://plugins.octoprint.org/assets/img/plugins/marlin_flasher/flash.png", "title": "Marlin Flasher", "id": "marlin_flasher", "published": "2019-04-02 00:00:00 +0000", "compatibility": {"python": ">=2.7,<3", "octoprint": ["1.2.0"], "os": ["linux", "windows", "macos", "freebsd"]}, "homepage": "https://github.com/Renaud11232/OctoPrint-Marlin-Flasher", "archive": "https://github.com/Renaud11232/OctoPrint-Marlin-Flasher/archive/master.zip", "page": "https://plugins.octoprint.org/plugins/marlin_flasher/"}, {"description": "Mirror the parameter(s) of GCode commands M106, M107 to scripts on the OctoPrint host", "license": "AGPLv3", "author": "Brad Morgan", "title": "OctoPrint-FanSpeedMirror", "id": "FanSpeedMirror", "published": "2019-04-13 00:00:00 +0000", "compatibility": {"python": ">=2.7,<3", "octoprint": [], "os": []}, "homepage": "https://github.com/b-morgan/OctoPrint-FanSpeedMirror", "archive": "https://github.com/b-morgan/OctoPrint-FanSpeedMirror/archive/master.zip", "page": "https://plugins.octoprint.org/plugins/FanSpeedMirror/"}, {"description": "Octoprint plugin for running a command at an interval during prints.", "license": "AGPLv3", "author": "Andrew Erickson", "image": "https://plugins.octoprint.org/assets/img/plugins/repeatingcommand/settings.png", "title": "OctoPrint_RepeatingCommand", "id": "repeatingcommand", "published": "2019-04-16 00:00:00 +0000", "compatibility": {"python": ">=2.7,<3", "octoprint": ["1.2.0"], "os": []}, "homepage": "https://github.com/aerickson/OctoPrint_RepeatingCommand", "archive": "https://github.com/aerickson/OctoPrint_RepeatingCommand/archive/master.zip", "page": "https://plugins.octoprint.org/plugins/repeatingcommand/"}, {"description": "Display Print Progress on your Apple Watch using the Complicated iOS App", "license": "AGPLv3", "author": "Mike Lyons", "image": "https://plugins.octoprint.org/assets/img/plugins/octoprint_complicated/demo.png", "title": "OctoPrint-Complicated", "id": "octoprint_complicated", "published": "2019-04-23 00:00:00 +0000", "compatibility": {"python": ">=2.7,<3", "octoprint": ["1.2.0"], "os": ["linux", "windows", "macos", "freebsd"]}, "homepage": "https://github.com/frenchie4111/complicated-octoprint", "archive": "https://github.com/frenchie4111/complicated-octoprint/archive/master.zip", "page": "https://plugins.octoprint.org/plugins/octoprint_complicated/"}]