[{"url": "https://github.com/OllisGit/OctoPrint-DisplayLayerProgress", "name": "DisplayLayerProgress Plugin", "key": "DisplayLayerProgress"}, {"url": "https://github.com/ieatacid/OctoPrint-GcodeEditor", "name": "GcodeEditor", "key": "GcodeEditor"}, {"url": "https://github.com/jneilliii/OctoPrint-ConsolidatedTabs", "name": "Consolidated Tabs", "key": "consolidatedtabs"}, {"url": "https://github.com/Kragrathea/OctoPrint-PrettyGCode", "name": "PrettyGCode", "key": "prettygcode"}, {"url": "https://github.com/foosel/OctoPrint-DisplayZ", "name": "DisplayZ", "key": "displayz"}, {"url": "https://github.com/BillyBlaze/OctoPrint-FullScreen", "name": "Fullscreen Plugin", "key": "fullscreen"}, {"url": "https://github.com/paukstelis/OctoPrint-Cancelobject", "name": "Cancel Objects", "key": "cancelobject"}, {"url": "https://github.com/jneilliii/OctoPrint-DragonOrder", "name": "Dragon Order", "key": "dragon_order"}, {"url": "https://github.com/birkbjo/OctoPrint-Themeify", "name": "Themeify", "key": "themeify"}, {"url": "https://github.com/MoonshineSG/OctoPrint-Autoscroll", "name": "Autoscroll", "key": "autoscroll"}, {"url": "https://github.com/ntoff/OctoPrint-FanSpeedSlider", "name": "Fan Speed Control", "key": "fanspeedslider"}, {"url": "https://github.com/Sebclem/OctoPrint-SimpleEmergencyStop", "name": "Simple Emergency Stop", "key": "simpleemergencystop"}, {"url": "https://github.com/jneilliii/OctoPrint-BedLevelVisualizer", "name": "Bed Visualizer", "key": "bedlevelvisualizer"}, {"url": "https://github.com/tpmullan/OctoPrint-DetailedProgress", "name": "Detailed Progress", "key": "detailedprogress"}, {"url": "https://github.com/ntoff/OctoPrint-ExtraDistance", "name": "Extra Distance Buttons", "key": "extradistance"}, {"url": "https://github.com/imrahil/OctoPrint-NavbarTemp", "name": "Navbar Temperature Plugin", "key": "navbartemp"}, {"url": "https://github.com/1r0b1n0/OctoPrint-Tempsgraph", "name": "Tempsgraph Plugin", "key": "tempsgraph"}, {"url": "https://github.com/jneilliii/OctoPrint-FloatingNavbar", "name": "Floating Navbar", "key": "floatingnavbar"}, {"url": "https://github.com/kantlivelong/OctoPrint-PSUControl", "name": "PSU Control", "key": "psucontrol"}]