[{"key": "themeify", "name": "Themeify", "url": "https://github.com/birkbjo/OctoPrint-Themeify"}, {"key": "tempsgraph", "name": "Tempsgraph Plugin", "url": "https://github.com/1r0b1n0/OctoPrint-Tempsgraph"}, {"key": "simpleemergencystop", "name": "Simple Emergency Stop", "url": "https://github.com/Sebclem/OctoPrint-SimpleEmergencyStop"}, {"key": "psucontrol", "name": "PSU Control", "url": "https://github.com/kantlivelong/OctoPrint-PSUControl"}, {"key": "prettygcode", "name": "PrettyGCode", "url": "https://github.com/Kragrathea/OctoPrint-PrettyGCode"}, {"key": "navbartemp", "name": "Navbar Temperature Plugin", "url": "https://github.com/imrahil/OctoPrint-NavbarTemp"}, {"key": "GcodeEditor", "name": "GcodeEditor", "url": "https://github.com/ieatacid/OctoPrint-GcodeEditor"}, {"key": "fullscreen", "name": "Fullscreen Plugin", "url": "https://github.com/BillyBlaze/OctoPrint-FullScreen"}, {"key": "floatingnavbar", "name": "Floating Navbar", "url": "https://github.com/jneilliii/OctoPrint-FloatingNavbar"}, {"key": "excluderegion", "name": "Exclude Region", "url": "https://github.com/bradcfisher/OctoPrint-ExcludeRegionPlugin"}, {"key": "dragon_order", "name": "Dragon Order", "url": "https://github.com/jneilliii/OctoPrint-DragonOrder"}, {"key": "displayz", "name": "DisplayZ", "url": "https://github.com/foosel/OctoPrint-DisplayZ"}, {"key": "detailedprogress", "name": "Detailed Progress", "url": "https://github.com/tpmullan/OctoPrint-DetailedProgress"}, {"key": "cancelobject", "name": "Cancel Objects", "url": "https://github.com/paukstelis/OctoPrint-Cancelobject"}, {"key": "autoscroll", "name": "Autoscroll", "url": "https://github.com/MoonshineSG/OctoPrint-Autoscroll"}, {"key": "DisplayLayerProgress", "name": "DisplayLayerProgress Plugin", "url": "https://github.com/OllisGit/OctoPrint-DisplayLayerProgress"}, {"key": "consolidatedtabs", "name": "Consolidated Tabs", "url": "https://github.com/jneilliii/OctoPrint-ConsolidatedTabs"}, {"key": "bedlevelvisualizer", "name": "Bed Visualizer", "url": "https://github.com/jneilliii/OctoPrint-BedLevelVisualizer"}]